query	taxid	go	multi_taxids_confidence	go_id_confidence	bsat_hit	disable_organ	cytotoxicity	degrade_ecm	induce_inflammation	bacterial_counter_signaling	viral_counter_signaling	resist_complement	counter_immunoglobulin	plant_rna_silencing	resist_oxidative	suppress_detection	avirulence_plant	host_gtpase	host_transcription	host_translation	host_ubiquitin	host_xenophagy	nonviral_invasion	viral_invasion	viral_movement	virulence_activity	host_cell_cycle	host_cell_death	host_cytoskeleton	secreted_effector	antibiotic_resistance	develop_in_host	nonviral_adhesion	secretion	toxin_synthase	viral_adhesion	virulence_regulator	size	organism	gene_name	uniprot	uniprot evalue
Bacillus_anthracis_aroE	1405	GO:0055114;GO:0009073;GO:0004764;GO:0016491	1405:0.86	GO:0055114[1.0];GO:0009073[1.0];GO:0004764[1.0];GO:0016491[1.0]	yes	0	0	0	0	0	0	0	0	0	0	0	0	0	0	0	0	0	0	0	0	0	0	0	0	0	0	0	0	0	0	0	0	927	Bacillus mycoides	Shikimate dehydrogenase (NADP(+))	A0A2P0HJB0	0.0
Bacillus_anthracis_aroE_Ecoli_K12	1392	GO:0055114;GO:0009073;GO:0004764;GO:0016491	1392:1.0	GO:0055114[1.0];GO:0009073[1.0];GO:0004764[1.0];GO:0016491[1.0]	yes	0	0	0	0	0	0	0	0	0	0	0	0	0	0	0	0	0	0	0	0	0	0	0	0	0	0	0	0	0	0	0	0	927	Bacillus anthracis	Shikimate dehydrogenase (NADP(+))	A0A2P0HJB0	0.0
Bacillus_anthracis_aroE_Saccharomyces_cerevisiae	1392	GO:0055114;GO:0009073;GO:0004764;GO:0016491	1392:1.0	GO:0055114[1.0];GO:0009073[1.0];GO:0004764[1.0];GO:0016491[1.0]	yes	0	0	0	0	0	0	0	0	0	0	0	0	0	0	0	0	0	0	0	0	0	0	0	0	0	0	0	0	0	0	0	0	927	Bacillus anthracis	Shikimate dehydrogenase (NADP(+))	A0A2P0HJB0	0.0
Bacillus_anthracis_aroE_Homo_sapiens	1392	GO:0055114;GO:0009073;GO:0004764;GO:0016491	1392:1.0	GO:0055114[1.0];GO:0009073[1.0];GO:0004764[1.0];GO:0016491[1.0]	yes	0	0	0	0	0	0	0	0	0	0	0	0	0	0	0	0	0	0	0	0	0	0	0	0	0	0	0	0	0	0	0	0	927	Bacillus anthracis	Shikimate dehydrogenase (NADP(+))	A0A2P0HJB0	0.0
Bacillus_anthracis_aroE_Mus_musculus	1392	GO:0055114;GO:0009073;GO:0004764;GO:0016491	1392:1.0	GO:0055114[1.0];GO:0009073[1.0];GO:0004764[1.0];GO:0016491[1.0]	yes	0	0	0	0	0	0	0	0	0	0	0	0	0	0	0	0	0	0	0	0	0	0	0	0	0	0	0	0	0	0	0	0	927	Bacillus anthracis	Shikimate dehydrogenase (NADP(+))	A0A2P0HJB0	0.0
Bacillus_anthracis_aroE_Drosophila_melanogaster	1392	GO:0055114;GO:0009073;GO:0004764;GO:0016491	1392:1.0	GO:0055114[1.0];GO:0009073[1.0];GO:0004764[1.0];GO:0016491[1.0]	yes	0	0	0	0	0	0	0	0	0	0	0	0	0	0	0	0	0	0	0	0	0	0	0	0	0	0	0	0	0	0	0	0	927	Bacillus anthracis	Shikimate dehydrogenase (NADP(+))	A0A2P0HJB0	0.0
Bacillus_anthracis_aroE_Pichia_pastoris	1392	GO:0055114;GO:0009073;GO:0004764;GO:0016491	1392:1.0	GO:0055114[1.0];GO:0009073[1.0];GO:0004764[1.0];GO:0016491[1.0]	yes	0	0	0	0	0	0	0	0	0	0	0	0	0	0	0	0	0	0	0	0	0	0	0	0	0	0	0	0	0	0	0	0	927	Bacillus anthracis	Shikimate dehydrogenase (NADP(+))	A0A2P0HJB0	0.0
Bacillus_anthracis_ccpA	1392	GO:0001216;GO:0045892;GO:0003700;GO:0000976;GO:0005515;GO:0045893;GO:0001217;GO:0032993;GO:0006355;GO:0003677	1392:1.0,247818:0.998	GO:0001216[1.0];GO:0045892[1.0];GO:0003700[1.0];GO:0000976[1.0];GO:0005515[1.0];GO:0045893[1.0];GO:0001217[1.0];GO:0032993[1.0];GO:0006355[1.0];GO:0003677[1.0]	yes	0	0	0	0	0	0	0	0	0	0	0	0	0	0	0	0	0	0	0	0	0	0	0	0	0	0	0	0	0	0	0	0	999	Bacillus anthracis	Catabolite control protein A	P25144	0.0
Bacillus_anthracis_ccpA_Arabidopsis_thaliana	224308	GO:0001216;GO:0045892;GO:0003700;GO:0000976;GO:0005515;GO:0045893;GO:0001217;GO:0032993;GO:0006355;GO:0003677	224308:0.767	GO:0001216[1.0];GO:0045892[1.0];GO:0003700[1.0];GO:0000976[1.0];GO:0005515[1.0];GO:0045893[1.0];GO:0001217[1.0];GO:0032993[1.0];GO:0006355[1.0];GO:0003677[1.0]	yes	0	0	0	0	0	0	0	0	0	0	0	0	0	0	0	0	0	0	0	0	0	0	0	0	0	0	0	0	0	0	0	0	999	Bacillus subtilis subsp. subtilis str. 168	Catabolite control protein A	P25144	0.0
Bacillus_anthracis_ccpA_Danio_rerio	224308	GO:0001216;GO:0045892;GO:0003700;GO:0000976;GO:0005515;GO:0045893;GO:0001217;GO:0032993;GO:0006355;GO:0003677	224308:0.767	GO:0001216[1.0];GO:0045892[1.0];GO:0003700[1.0];GO:0000976[1.0];GO:0005515[1.0];GO:0045893[1.0];GO:0001217[1.0];GO:0032993[1.0];GO:0006355[1.0];GO:0003677[1.0]	yes	0	0	0	0	0	0	0	0	0	0	0	0	0	0	0	0	0	0	0	0	0	0	0	0	0	0	0	0	0	0	0	0	999	Bacillus subtilis subsp. subtilis str. 168	Catabolite control protein A	P25144	0.0
Bacillus_anthracis_fumC	1396	GO:0003824;GO:0006099;GO:0016829;GO:0005737;GO:0004333;GO:0006106;GO:0045239	1396:0.96,269801:0.96	GO:0003824[1.0];GO:0006099[1.0];GO:0016829[1.0];GO:0005737[1.0];GO:0004333[1.0];GO:0006106[1.0];GO:0045239[1.0]	yes	0	0	0	0	0	0	0	0	0	0	0	0	0	0	0	0	0	0	0	0	0	0	0	0	0	0	0	0	0	0	0	0	1389	Bacillus cereus	Fumarate hydratase class II	Q81SA0	0.0
Bacillus_anthracis_fumC_part_1	1428	GO:0003824;GO:0006099;GO:0016829;GO:0005737;GO:0004333;GO:0006106;GO:0045239	1428:1.0,768494:1.0,1392:1.0,261594:1.0,2053832:1.0,673518:1.0,1452727:1.0,743835:1.0,592021:1.0,32630:1.0,568206:1.0,261591:1.0,1396:1.0,1392837:1.0,260799:1.0,198094:1.0,1213182:1.0,1449979:1.0	GO:0003824[1.0];GO:0006099[1.0];GO:0016829[1.0];GO:0005737[1.0];GO:0004333[1.0];GO:0006106[1.0];GO:0045239[1.0]	yes	0	0	0	0	0	0	0	0	0	0	0	0	0	0	0	0	0	0	0	0	0	0	0	0	0	0	0	0	0	0	0	0	210	Bacillus thuringiensis	Fumarate hydratase class II	A0A023P5B3	6.31e-40
Bacillus_anthracis_fumC_part_2	1396	GO:0003824;GO:0006099;GO:0016829;GO:0005737;GO:0004333;GO:0006106;GO:0045239	1396:0.986,1392:1.0,412694:1.0,1428:1.0,1890302:0.986	GO:0003824[1.0];GO:0006099[1.0];GO:0016829[1.0];GO:0005737[1.0];GO:0004333[1.0];GO:0006106[1.0];GO:0045239[1.0]	yes	0	0	0	0	0	0	0	0	0	0	0	0	0	0	0	0	0	0	0	0	0	0	0	0	0	0	0	0	0	0	0	0	210	Bacillus cereus	Fumarate hydratase class II	A0RCE6	3.37e-41
Bacillus_anthracis_fumC_part_3	1396	GO:0003824;GO:0006099;GO:0016829;GO:0005737;GO:0004333;GO:0006106;GO:0045239	1396:0.986,2026187:1.0,1428:0.986,2014743:1.0,1392:0.986,1969379:0.986,1053206:0.986,1628206:0.986,2217815:0.986,1405:0.986,2666190:0.986,1053249:0.986,2033508:0.986,2060113:0.986,1053229:0.986,1409:1.0,526993:0.986,360310:0.986,2026190:0.986,1053193:0.986,132266:0.986,2217818:0.986,718224:0.986,1330043:0.986,2026186:0.986,281309:0.986,1053189:0.986,2653218:0.986,257985:0.986,1053236:0.986,1155617:0.986,936600:0.986,1053241:0.986,180881:1.0,2499213:0.986,1053223:0.986,1848605:0.986,1053169:0.986,1053203:0.986,2135739:0.986,2056493:0.986,2039284:0.986,1436363:0.986,2026189:0.986,2026194:0.986,132267:0.986,180867:0.986,180847:0.986,1890302:0.986	GO:0003824[1.0];GO:0006099[1.0];GO:0016829[1.0];GO:0005737[1.0];GO:0004333[1.0];GO:0006106[1.0];GO:0045239[1.0]	yes	0	0	0	0	0	0	0	0	0	0	0	0	0	0	0	0	0	0	0	0	0	0	0	0	0	0	0	0	0	0	0	0	210	Bacillus cereus	Fumarate hydratase class II	A0A1J9V6H9	8.06e-41
Bacillus_anthracis_fumC_part_4	1449979	GO:0003824;GO:0006099;GO:0016829;GO:0005737;GO:0004333;GO:0006106;GO:0045239	1449979:1.0,198094:1.0,1213182:1.0,261591:1.0,1396:1.0,1392837:1.0,260799:1.0,568206:1.0,743835:1.0,592021:1.0,32630:1.0,261594:1.0,405535:1.0,673518:1.0,1452727:1.0,1392:1.0,288681:1.0,768494:1.0,1428:1.0	GO:0003824[1.0];GO:0006099[1.0];GO:0016829[1.0];GO:0005737[1.0];GO:0004333[1.0];GO:0006106[1.0];GO:0045239[1.0]	yes	0	0	0	0	0	0	0	0	0	0	0	0	0	0	0	0	0	0	0	0	0	0	0	0	0	0	0	0	0	0	0	0	210	Bacillus anthracis str. V770-NP-1R	Fumarate hydratase class II	A0A2B6CFY1	1.48e-41
Bacillus_anthracis_fumC_part_5	1330043	GO:0003824;GO:0006099;GO:0016829;GO:0005737;GO:0004333;GO:0006106;GO:0045239	1330043:1.0,361100:1.0,1392:1.0,2499213:1.0,1053203:1.0,132267:1.0,1761758:1.0,2039284:1.0,1890302:1.0,180847:1.0,1396:1.0,1428:1.0,2026187:1.0,412694:1.0,1409:1.0,132266:1.0,1155617:1.0,226900:1.0,1053241:1.0,936600:1.0,180881:1.0,2026186:1.0,281309:1.0,2653218:1.0,257985:1.0,1430:1.0,2651636:1.0,2056493:1.0,2034279:1.0,1053223:1.0,1053169:1.0,1431339:1.0,1436363:1.0,2026189:1.0,180862:1.0,222523:1.0,2033516:1.0,527026:1.0,180867:1.0,155322:1.0,1969379:1.0,1053222:1.0,2217815:1.0,2666190:1.0,1053249:1.0,2033508:1.0,2060113:1.0,1053230:1.0,2026190:1.0,1195464:1.0,360310:1.0,526993:1.0,2014743:1.0,2217818:1.0	GO:0003824[1.0];GO:0006099[1.0];GO:0016829[1.0];GO:0005737[1.0];GO:0004333[1.0];GO:0006106[1.0];GO:0045239[1.0]	yes	0	0	0	0	0	0	0	0	0	0	0	0	0	0	0	0	0	0	0	0	0	0	0	0	0	0	0	0	0	0	0	0	210	Bacillus bombysepticus str. Wang	Fumarate hydratase class II	A0A2B9JNR5	6.25e-40
Bacillus_anthracis_fumC_part_6	568206	GO:0003824;GO:0006099;GO:0016829;GO:0005737;GO:0004333;GO:0006106;GO:0045239	568206:1.0,261591:1.0,260799:1.0,1392837:1.0,198094:1.0,1213182:1.0,1449979:1.0,768494:1.0,1392:1.0,261594:1.0,673518:1.0,1452727:1.0,743835:1.0,592021:1.0,32630:1.0	GO:0003824[1.0];GO:0006099[1.0];GO:0016829[1.0];GO:0005737[1.0];GO:0004333[1.0];GO:0006106[1.0];GO:0045239[1.0]	yes	0	0	0	0	0	0	0	0	0	0	0	0	0	0	0	0	0	0	0	0	0	0	0	0	0	0	0	0	0	0	0	0	210	Bacillus anthracis str. CDC 684	Fumarate hydratase class II	Q81SA0	7.81e-41
Bacillus_anthracis_fumC_part_7	1428	GO:0003824;GO:0006099;GO:0016829;GO:0005737;GO:0004333;GO:0006106;GO:0045239	1428:1.0,180847:1.0,2014743:1.0,1392:1.0,1396:1.0,1890302:1.0	GO:0003824[1.0];GO:0006099[1.0];GO:0016829[1.0];GO:0005737[1.0];GO:0004333[1.0];GO:0006106[1.0];GO:0045239[1.0]	yes	0	0	0	0	0	0	0	0	0	0	0	0	0	0	0	0	0	0	0	0	0	0	0	0	0	0	0	0	0	0	0	0	129	Bacillus thuringiensis	Fumarate hydratase class II	A0A1B1L3W0	6.1e-19
Bacillus_anthracis_glpF	180894	GO:0015267;GO:0016020;GO:0016021;GO:0055085;GO:0005886;GO:0006071	180894:0.989	GO:0015267[1.0];GO:0016020[1.0];GO:0016021[1.0];GO:0055085[1.0];GO:0005886[1.0];GO:0006071[1.0]	yes	0	0	0	0	0	0	0	0	0	0	0	0	0	0	0	0	0	0	0	0	0	0	0	0	0	0	0	0	0	0	0	0	822	Bacillus thuringiensis serovar poloniensis	Glycerol uptake facilitator protein	P18156	4.11e-119
Bacillus_anthracis_glpF_part_1	224308	GO:0015267;GO:0016020;GO:0016021;GO:0055085;GO:0005886;GO:0006071	224308:0.725	GO:0015267[1.0];GO:0016020[1.0];GO:0016021[1.0];GO:0055085[1.0];GO:0005886[1.0];GO:0006071[1.0]	yes	0	0	0	0	0	0	0	0	0	0	0	0	0	0	0	0	0	0	0	0	0	0	0	0	0	0	0	0	0	0	0	0	210	Bacillus subtilis subsp. subtilis str. 168	Glycerol uptake facilitator protein	P18156	2.1e-24
Bacillus_anthracis_glpF_part_2	1392	GO:0015267;GO:0016020;GO:0016021;GO:0055085;GO:0005886;GO:0006071	1392:1.0,768494:1.0,592021:1.0,743835:1.0,405535:1.0,261594:1.0,673518:1.0,1452727:1.0,1396:1.0,261591:1.0,260799:1.0,568206:1.0,1449979:1.0,198094:1.0	GO:0015267[1.0];GO:0016020[1.0];GO:0016021[1.0];GO:0055085[1.0];GO:0005886[1.0];GO:0006071[1.0]	yes	0	0	0	0	0	0	0	0	0	0	0	0	0	0	0	0	0	0	0	0	0	0	0	0	0	0	0	0	0	0	0	0	210	Bacillus anthracis	Glycerol uptake facilitator protein	P18156	9.31e-24
Bacillus_anthracis_glpF_part_3	224308	GO:0015267;GO:0016020;GO:0016021;GO:0055085;GO:0005886;GO:0006071	224308:0.857	GO:0015267[1.0];GO:0016020[1.0];GO:0016021[1.0];GO:0055085[1.0];GO:0005886[1.0];GO:0006071[1.0]	yes	0	0	0	0	0	0	0	0	0	0	0	0	0	0	0	0	0	0	0	0	0	0	0	0	0	0	0	0	0	0	0	0	210	Bacillus subtilis subsp. subtilis str. 168	Glycerol uptake facilitator protein	P18156	1.22e-32
Bacillus_anthracis_glpF_part_4	592021	GO:0015267;GO:0016020;GO:0016021;GO:0055085;GO:0005886;GO:0006071	592021:1.0,743835:1.0,261594:1.0,1452727:1.0,673518:1.0,1392:1.0,768494:1.0,1428:1.0,1449979:1.0,198094:1.0,1213182:1.0,1392837:1.0,260799:1.0	GO:0015267[1.0];GO:0016020[1.0];GO:0016021[1.0];GO:0055085[1.0];GO:0005886[1.0];GO:0006071[1.0]	yes	0	0	0	0	0	0	0	0	0	0	0	0	0	0	0	0	0	0	0	0	0	0	0	0	0	0	0	0	0	0	0	0	192	Bacillus anthracis str. A0248	Glycerol uptake facilitator protein	P18156	0.002
Bacillus_anthracis_glpT	29338	GO:0015794;GO:0015793;GO:0006071;GO:0035435;GO:0015315;GO:0016021;GO:0055085;GO:0015169;GO:0005886;GO:0015527;GO:0016020;GO:0022857	29338:0.956	GO:0015794[1.0];GO:0015793[1.0];GO:0006071[1.0];GO:0035435[1.0];GO:0015315[1.0];GO:0016021[1.0];GO:0055085[1.0];GO:0015169[1.0];GO:0005886[1.0];GO:0015527[1.0];GO:0016020[1.0];GO:0022857[1.0]	yes	0	0	0	0	0	0	0	0	0	0	0	0	0	0	0	0	0	0	0	0	0	0	0	0	0	0	0	0	0	0	0	0	1350	Bacillus thuringiensis serovar galleriae	Glycerol-3-phosphate transporter	P08194	0.0
Bacillus_anthracis_gyrA	412694	GO:0005524;GO:0003916;GO:0006259;GO:0005694;GO:0003918;GO:0006261;GO:0016853;GO:0005737;GO:0006265;GO:0000166;GO:0003677	412694:1.0,1396:0.993,1392:0.994,180868:0.999,2026189:0.999,1428:0.999,2033508:0.995,1409:0.993,288681:0.991,180881:0.993	GO:0005524[1.0];GO:0003916[1.0];GO:0006259[1.0];GO:0005694[1.0];GO:0003918[1.0];GO:0006261[1.0];GO:0016853[1.0];GO:0005737[1.0];GO:0006265[1.0];GO:0000166[1.0];GO:0003677[1.0]	yes	0	0	0	0	0	0	0	0	0	0	0	0	0	0	0	0	0	0	0	0	0	0	0	0	0	0	0	0	0	0	0	0	2472	Bacillus thuringiensis str. Al Hakam	DNA gyrase subunit A	A0R885	0.0
Bacillus_anthracis_gyrB	1213182	GO:0005524;GO:0003916;GO:0005694;GO:0003918;GO:0006261;GO:0016853;GO:0005737;GO:0046872;GO:0006265;GO:0000166;GO:0003677	1213182:1.0,1449979:1.0,568206:1.0,260799:1.0,1392837:1.0,261591:1.0,1452727:1.0,405535:1.0,198094:1.0,1396:0.999,673518:1.0,261594:1.0,743835:1.0,592021:1.0,768494:1.0,1392:1.0,32630:1.0,451709:0.999,637380:0.999,1428:0.999,347495:0.999,412694:0.999,1454382:0.998	GO:0005524[1.0];GO:0003916[1.0];GO:0005694[1.0];GO:0003918[1.0];GO:0006261[1.0];GO:0016853[1.0];GO:0005737[1.0];GO:0046872[1.0];GO:0006265[1.0];GO:0000166[1.0];GO:0003677[1.0]	yes	0	0	0	0	0	0	0	0	0	0	0	0	0	0	0	0	0	0	0	0	0	0	0	0	0	0	0	0	0	0	0	0	1923	Bacillus anthracis str. BF1	DNA gyrase subunit B	A0A0F5RR26	0.0
Bacillus_anthracis_mutL	2608254	GO:0032300;GO:0016887;GO:0006974;GO:0006281;GO:0006298;GO:0030983;GO:0005524	2608254:0.935,155322:0.935,2233998:0.935,1415784:0.935,1839798:0.933,1195464:0.933	GO:0032300[1.0];GO:0016887[1.0];GO:0006974[1.0];GO:0006281[1.0];GO:0006298[1.0];GO:0030983[1.0];GO:0005524[1.0]	yes	0	0	0	0	0	0	0	0	0	0	0	0	0	0	0	0	0	0	0	0	0	0	0	0	0	0	0	0	0	0	0	0	1881	Bacillus sp. BS98	DNA mismatch repair protein MutL	C3P5H4	0.0
Bacillus_anthracis_panC	1396	GO:0016874;GO:0003824;GO:0005524;GO:0015940;GO:0005737;GO:0009058;GO:0000166;GO:0004592	1396:0.993	GO:0016874[1.0];GO:0003824[1.0];GO:0005524[1.0];GO:0015940[1.0];GO:0005737[1.0];GO:0009058[1.0];GO:0000166[1.0];GO:0004592[1.0]	yes	0	0	0	0	0	0	0	0	0	0	0	0	0	0	0	0	0	0	0	0	0	0	0	0	0	0	0	0	0	0	0	0	849	Bacillus cereus	Pantothenate synthetase	C3P5R0	0.0
Bacillus_anthracis_pta	1405	GO:0008959;GO:0016407;GO:0016740;GO:0006085;GO:0016746;GO:0005737	1405:0.976,371157:0.976,180891:0.976	GO:0008959[1.0];GO:0016407[1.0];GO:0016740[1.0];GO:0006085[1.0];GO:0016746[1.0];GO:0005737[1.0]	yes	0	0	0	0	0	0	0	0	0	0	0	0	0	0	0	0	0	0	0	0	0	0	0	0	0	0	0	0	0	0	0	0	972	Bacillus mycoides	Phosphate acetyltransferase	P39646	0.0
Bacillus_anthracis_pyk	1396	GO:0030955;GO:0004743;GO:0003824;GO:0016310;GO:0006096;GO:0016740;GO:0008152;GO:0000287;GO:0016301;GO:0046872;GO:0016772;GO:0000166;GO:0005524	1396:0.988,1565146:0.998,2026188:0.998,1392:0.998,2056493:0.998,1428:0.993,1053243:0.995,1409:0.997,1053242:0.997,2026191:0.995,526989:0.995,592025:0.995,412694:1.0,1405:0.995,2499213:0.997,2034280:0.998,1842608:0.995,1053241:0.995,180862:0.993,180848:0.993,1761766:0.993,1430:0.995,1053229:0.991,1890302:0.991,1053176:0.991,1628206:0.99,1053232:0.991,2026190:0.991	GO:0030955[1.0];GO:0004743[1.0];GO:0003824[1.0];GO:0016310[1.0];GO:0006096[1.0];GO:0016740[1.0];GO:0008152[1.0];GO:0000287[1.0];GO:0016301[1.0];GO:0046872[1.0];GO:0016772[1.0];GO:0000166[1.0];GO:0005524[1.0]	yes	0	0	0	0	0	0	0	0	0	0	0	0	0	0	0	0	0	0	0	0	0	0	0	0	0	0	0	0	0	0	0	0	1758	Bacillus cereus	Pyruvate kinase	Q02499	0.0
Bacillus_anthracis_pyrD	261594	GO:0006207;GO:0003824;GO:0016627;GO:0016491;GO:0005737;GO:0004589;GO:0044205;GO:0006221;GO:0004152;GO:0055114;GO:0006222	261594:1.0,405535:1.0,673518:1.0,743835:1.0,592021:1.0,768494:1.0,1428:1.0,1392:0.999,198094:1.0,1213182:1.0,1449979:1.0,568206:1.0,261591:1.0,1396:0.998,1392837:1.0,260799:1.0,32630:1.0,1452727:0.999	GO:0006207[1.0];GO:0003824[1.0];GO:0016627[1.0];GO:0016491[1.0];GO:0005737[1.0];GO:0004589[1.0];GO:0044205[1.0];GO:0006221[1.0];GO:0004152[1.0];GO:0055114[1.0];GO:0006222[1.0]	yes	0	0	0	0	0	0	0	0	0	0	0	0	0	0	0	0	0	0	0	0	0	0	0	0	0	0	0	0	0	0	0	0	930	Bacillus anthracis str. 'Ames Ancestor'	Dihydroorotate dehydrogenase B (NAD(+)), catalytic subunit	C3P654	0.0
Bacillus_anthracis_pyrE	64104	GO:0009116;GO:0016740;GO:0000287;GO:0044205;GO:0006221;GO:0004588;GO:0016757	64104:0.929	GO:0009116[1.0];GO:0016740[1.0];GO:0000287[1.0];GO:0044205[1.0];GO:0006221[1.0];GO:0004588[1.0];GO:0016757[1.0]	yes	0	0	0	0	0	0	0	0	0	0	0	0	0	0	0	0	0	0	0	0	0	0	0	0	0	0	0	0	0	0	0	0	633	Bacillus pseudomycoides	Orotate phosphoribosyltransferase	C3P652	3.81e-153
Bacillus_anthracis_rpoB	1392	GO:0046677;GO:0003899;GO:0016740;GO:0016779;GO:0032549;GO:0006351;GO:0003677	1392:0.999,768494:1.0,592021:1.0,743835:1.0,261594:1.0,673518:1.0,1392837:1.0,260799:1.0,568206:1.0,1449979:1.0,198094:1.0,1213182:1.0,1452727:1.0,261591:1.0,32630:1.0	GO:0046677[1.0];GO:0003899[1.0];GO:0016740[1.0];GO:0016779[1.0];GO:0032549[1.0];GO:0006351[1.0];GO:0003677[1.0]	yes	0	0	0	0	0	0	0	0	0	0	0	0	0	0	0	0	0	0	0	0	0	0	0	0	0	1	0	0	0	0	0	0	3534	Bacillus anthracis	DNA-directed RNA polymerase subunit beta	P37870	0.0
Bacillus_anthracis_rpsT	269801	GO:0006412;GO:0019843;GO:0003735;GO:0005840;GO:0003723	269801:1.0,1442:1.0,2576356:1.0,405535:1.0,2217830:1.0,29339:1.0,1890302:1.0,222523:1.0,637380:1.0,451709:1.0,1449979:1.0,405532:1.0,1213182:1.0,180850:1.0,1392837:1.0,1806216:1.0,2660750:1.0,592021:1.0,2499213:1.0,673518:1.0,405534:1.0,1454382:1.0,1392:1.0,2233998:1.0,768494:1.0,1279365:1.0,334406:1.0,281309:1.0,361100:1.0,198094:1.0,2026186:1.0,1330043:1.0,2654326:1.0,1003239:1.0,2080759:1.0,1217984:1.0,226900:1.0,2026191:1.0,930170:1.0,2053832:1.0,347495:1.0,526977:1.0,572264:1.0,2608254:1.0,714359:1.0,1195464:1.0,180843:1.0,1839798:1.0,260799:1.0,570416:1.0,261591:1.0,1892404:1.0,568206:1.0,2026188:1.0,1415784:1.0,743835:1.0,412694:1.0,2026187:1.0,1261129:1.0,261594:1.0,288681:1.0,1423:1.0,2217832:1.0,1428:1.0,1417985:1.0,2654284:1.0,29338:1.0,2217825:1.0,1396:1.0,155322:1.0,32630:1.0	GO:0006412[1.0];GO:0019843[1.0];GO:0003735[1.0];GO:0005840[1.0];GO:0003723[1.0]	yes	0	0	0	0	0	0	0	0	0	0	0	0	0	0	0	0	0	0	0	0	0	0	0	0	0	0	0	0	0	0	0	0	258	Bacillus cereus G9241	30S ribosomal protein S20	C3P8M8	2.8e-51
Bacillus_subtilis_trpB	1428	GO:0016829;GO:0009073;GO:0004834;GO:0000162;GO:0006568;GO:0008652	1428:0.999,768494:1.0,1392:0.999,1452727:1.0,673518:1.0,261594:1.0,592021:1.0,743835:1.0,568206:1.0,260799:1.0,1392837:1.0,261591:1.0,281309:1.0,1213182:1.0,198094:1.0,1449979:1.0,32630:1.0,1396:0.998	GO:0016829[1.0];GO:0009073[1.0];GO:0004834[1.0];GO:0000162[1.0];GO:0006568[1.0];GO:0008652[1.0]	yes	0	0	0	0	0	0	0	0	0	0	0	0	0	0	0	0	0	0	0	0	0	0	0	0	0	0	0	0	0	0	0	0	1194	Bacillus thuringiensis	Tryptophan synthase beta chain	A0A109FUS6	0.0
Bacillus_subtilis_tuf	1396	GO:0006414;GO:0005525;GO:0006412;GO:0005737;GO:0005515;GO:0003924;GO:0003746;GO:0000166	1396:0.997,198094:1.0,1392:0.999,288681:1.0,1454382:1.0,1428:0.999,768494:1.0,1423:1.0,743835:1.0,592021:1.0,261594:1.0,412694:1.0,673518:1.0,2499213:1.0,261591:1.0,1392837:1.0,260799:1.0,568206:1.0,1449979:1.0,1213182:1.0,637380:1.0,572264:1.0,451709:1.0,347495:1.0,1452727:1.0,2053832:1.0,32630:1.0,281309:0.999,1417985:0.999,2026188:0.997,405535:0.999,2529386:0.998,526977:0.998,269801:0.998	GO:0006414[1.0];GO:0005525[1.0];GO:0006412[1.0];GO:0005737[1.0];GO:0005515[1.0];GO:0003924[1.0];GO:0003746[1.0];GO:0000166[1.0]	yes	0	0	0	0	0	0	0	0	0	0	0	0	0	0	0	0	0	0	0	0	0	0	0	0	0	0	0	0	0	0	0	0	1188	Bacillus cereus	Elongation factor Tu	P33166	0.0
Bacillus_subtilis_pycA	224308	GO:0016874;GO:0003824;GO:0006090;GO:0008152;GO:0006094;GO:0046872;GO:0005737;GO:0004736;GO:0009374;GO:0000166;GO:0005524	224308:0.999,135461:0.998,645657:0.997,1423:0.997,2597344:0.997,1913579:0.995,1127744:0.99,2070760:0.989	GO:0016874[1.0];GO:0003824[1.0];GO:0006090[1.0];GO:0008152[1.0];GO:0006094[1.0];GO:0046872[1.0];GO:0005737[1.0];GO:0004736[1.0];GO:0009374[1.0];GO:0000166[1.0];GO:0005524[1.0]	yes	0	0	0	0	0	0	0	0	0	0	0	0	0	0	0	0	0	0	0	0	0	0	0	0	0	0	0	0	0	0	0	0	3447	Bacillus subtilis subsp. subtilis str. 168	Pyruvate carboxylase	Q9KWU4	0.0
Bacillus_subtilis_pdhC	1441095	GO:0018215;GO:0006096;GO:0016740;GO:0016746;GO:0004742;GO:0030523	1441095:0.791,224308:0.998	GO:0018215[1.0];GO:0006096[1.0];GO:0016740[1.0];GO:0016746[1.0];GO:0004742[1.0];GO:0030523[1.0]	yes	0	0	0	0	0	0	0	0	0	0	0	0	0	0	0	0	0	0	0	0	0	0	0	0	0	0	0	0	0	0	0	0	1329	Bacillus gobiensis	Dihydrolipoyllysine-residue acetyltransferase component of pyruvate dehydrogenase complex	P21883	0.0
Bluetongue_virus_segment_6	10900	GO:0019012;GO:0005198;GO:0019028;GO:0046718;GO:0099008;GO:0039624;GO:0039665	10900:1.0	GO:0019012[1.0];GO:0005198[1.0];GO:0019028[1.0];GO:0046718[1.0];GO:0099008[1.0];GO:0039624[1.0];GO:0039665[1.0]	yes	0	0	0	0	0	0	0	0	0	0	0	0	0	0	0	0	0	0	0	0	0	0	0	0	0	0	0	0	0	0	0	0	1581	Bluetongue virus (serotype 10 / American isolate)	Outer capsid protein VP5	P07389	0.0
Brucella_abortus_aroE	430066	GO:0009423;GO:0019632;GO:0009073;GO:0004764;GO:0016491;GO:0008652;GO:0055114;GO:0050661	430066:1.0,546272:0.997,29459:0.993,520448:0.99	GO:0009423[1.0];GO:0019632[1.0];GO:0009073[1.0];GO:0004764[1.0];GO:0016491[1.0];GO:0008652[1.0];GO:0055114[1.0];GO:0050661[1.0]	yes	0	0	0	0	0	0	0	0	0	0	0	0	0	0	0	0	0	0	0	0	0	0	0	0	0	0	0	0	0	0	0	0	870	Brucella abortus S19	Shikimate dehydrogenase (NADP(+))	B2S968	0.0
Brucella_melitensis_aroA	1149952	GO:0009423;GO:0003824;GO:0016740;GO:0009073;GO:0005737;GO:0003866;GO:0008652;GO:0016765;GO:0009635	1149952:0.984,52132:0.982	GO:0009423[1.0];GO:0003824[1.0];GO:0016740[1.0];GO:0009073[1.0];GO:0005737[1.0];GO:0003866[1.0];GO:0008652[1.0];GO:0016765[1.0];GO:0009635[1.0]	yes	0	0	0	0	0	0	0	0	0	0	0	0	0	0	0	0	0	0	0	0	0	0	0	0	0	0	0	0	0	0	0	0	1353	Brucella sp. 09RB8471	3-phosphoshikimate 1-carboxyvinyltransferase	Q9R4E4	0.0
Brucella_suis_gap	529	GO:0006096;GO:0051287;GO:0016491;GO:0005737;GO:0004365;GO:0016620;GO:0055114;GO:0050661;GO:0000166;GO:0006006	529:0.905,94625:0.905	GO:0006096[1.0];GO:0051287[1.0];GO:0016491[1.0];GO:0005737[1.0];GO:0004365[1.0];GO:0016620[1.0];GO:0055114[1.0];GO:0050661[1.0];GO:0000166[1.0];GO:0006006[1.0]	yes	0	0	0	0	0	0	0	0	0	0	0	0	0	0	0	0	0	0	0	0	0	0	0	0	0	0	0	0	0	0	0	0	1008	Brucella anthropi	Glyceraldehyde-3-phosphate dehydrogenase	P51009	0.0
Burkholderia_mallei_pilA	13373	GO:0009289;GO:0016020;GO:0007155;GO:0016021	13373:0.998,243160:1.0,412022:1.0,1306417:1.0,320372:1.0,331978:1.0,272560:1.0,1229785:1.0,28450:0.998,1335307:1.0,360118:1.0,320389:1.0,320388:1.0,1249659:1.0,1306419:1.0,1249658:1.0,1249473:0.998,1435372:0.998,1439854:0.998,320373:0.998,1241583:0.998,1439855:0.998,357348:0.998,441156:0.998,1439852:0.998	GO:0009289[1.0];GO:0016020[1.0];GO:0007155[1.0];GO:0016021[1.0]	yes	0	0	0	0	0	0	0	0	0	0	0	0	0	0	0	0	0	0	0	0	0	0	0	0	0	0	0	0	0	0	0	0	519	Burkholderia mallei	Pilin	S6ARP6	2.73e-22
Burkholderia_pseudomallei_abcZ	482957	GO:0016020;GO:0016887;GO:0016787;GO:1902358;GO:0005886;GO:0015419;GO:0000166;GO:0005524	482957:0.713	GO:0016020[1.0];GO:0016887[1.0];GO:0016787[1.0];GO:1902358[1.0];GO:0005886[1.0];GO:0015419[1.0];GO:0000166[1.0];GO:0005524[1.0]	yes	0	0	0	0	0	0	0	0	0	0	0	0	0	0	0	0	0	0	0	0	0	0	0	0	0	0	0	0	0	0	0	0	1647	Burkholderia lata	ABC transporter, fused ATPase subunits	Q39CF5	0.0
Burkholderia_pseudomallei_pip	265293	GO:0006508;GO:0016787;GO:0005737;GO:0004177;GO:0008233	265293:0.845,87883:0.846,101571:0.846,985079:0.846	GO:0006508[1.0];GO:0016787[1.0];GO:0005737[1.0];GO:0004177[1.0];GO:0008233[1.0]	yes	0	0	0	0	0	0	0	0	0	0	0	0	0	0	0	0	0	0	0	0	0	0	0	0	0	0	0	0	0	0	0	0	939	Paraburkholderia acidophila	Proline iminopeptidase	Q3JHR9	0.0
Chlamydia_psittaci_gatA	83554	GO:0016874;GO:0006412;GO:0016740;GO:0030956;GO:0016787;GO:0050567;GO:0000166;GO:0005524	83554:1.0	GO:0016874[1.0];GO:0006412[1.0];GO:0016740[1.0];GO:0030956[1.0];GO:0016787[1.0];GO:0050567[1.0];GO:0000166[1.0];GO:0005524[1.0]	yes	0	0	0	0	0	0	0	0	0	0	0	0	0	0	0	0	0	0	0	0	0	0	0	0	0	0	0	0	0	0	0	0	1476	Chlamydia psittaci	Glutamyl-tRNA(Gln) amidotransferase subunit A	A0A2D2D8H3	0.0
Clostridium_baratii_recA	935198	GO:0003684;GO:0006259;GO:0009432;GO:0008094;GO:0006974;GO:0003697;GO:0006310;GO:0005737;GO:0003677;GO:0006281;GO:0000166;GO:0005524	935198:0.85	GO:0003684[1.0];GO:0006259[1.0];GO:0009432[1.0];GO:0008094[1.0];GO:0006974[1.0];GO:0003697[1.0];GO:0006310[1.0];GO:0005737[1.0];GO:0003677[1.0];GO:0006281[1.0];GO:0000166[1.0];GO:0005524[1.0]	yes	0	0	0	0	0	0	0	0	0	0	0	0	0	0	0	0	0	0	0	0	0	0	0	0	0	0	0	0	0	0	0	0	1047	Clostridium botulinum B str. Eklund 17B (NRP)	Protein RecA	A0A174H0K6	0.0
Clostridium_botulinum_16S	1488	GO:0005840;GO:0003723;GO:0003735;GO:0006412	1488:0.919	GO:0005840[1.0];GO:0003723[1.0];GO:0003735[1.0];GO:0006412[1.0]	yes	0	0	0	0	0	0	0	0	0	0	0	0	0	0	0	0	0	0	0	0	0	0	0	0	0	0	0	0	0	0	0	0	1512	Clostridium acetobutylicum	Ribosomal_S7 domain-containing protein	A0A6N2ND82	1.07e-22
Clostridium_botulinum_23S	1513	GO:0042908;GO:0042910;GO:0016021;GO:0055085;GO:0015297;GO:0016020	1513:0.925	GO:0042908[1.0];GO:0042910[1.0];GO:0016021[1.0];GO:0055085[1.0];GO:0015297[1.0];GO:0016020[1.0]	yes	0	0	0	0	0	0	0	0	0	0	0	0	0	0	0	0	0	0	0	0	0	0	0	0	0	0	0	0	0	0	0	0	2902	Clostridium tetani	Protein DETOXIFICATION	A0A6L2L370	5.21e-35
Clostridium_botulinum_aroE	1491	GO:0009423;GO:0019632;GO:0009073;GO:0004764;GO:0016491;GO:0008652;GO:0055114;GO:0050661	1491:0.998	GO:0009423[1.0];GO:0019632[1.0];GO:0009073[1.0];GO:0004764[1.0];GO:0016491[1.0];GO:0008652[1.0];GO:0055114[1.0];GO:0050661[1.0]	yes	0	0	0	0	0	0	0	0	0	0	0	0	0	0	0	0	0	0	0	0	0	0	0	0	0	0	0	0	0	0	0	0	777	Clostridium botulinum	Shikimate dehydrogenase (NADP(+))	A7FWA9	0.0
Clostridium_botulinum_ddl	441770	GO:0008716;GO:0016874;GO:0009252;GO:0008360;GO:0005737;GO:0046872;GO:0071555;GO:0000166;GO:0005524	441770:1.0,1491:0.993,1379737:0.997,498213:0.997,441772:0.993	GO:0008716[1.0];GO:0016874[1.0];GO:0009252[1.0];GO:0008360[1.0];GO:0005737[1.0];GO:0046872[1.0];GO:0071555[1.0];GO:0000166[1.0];GO:0005524[1.0]	yes	0	0	0	0	0	0	0	0	0	0	0	0	0	0	0	0	0	0	0	0	0	0	0	0	0	0	0	0	0	0	0	0	903	Clostridium botulinum A str. ATCC 19397	D-alanine--D-alanine ligase	A7FPH8	0.0
Clostridium_botulinum_dnaE	1491	GO:0003887;GO:0003824;GO:0071897;GO:0090305;GO:0016740;GO:0003676;GO:0016779;GO:0005737;GO:0006260;GO:0008408	1491:1.0,413999:1.0	GO:0003887[1.0];GO:0003824[1.0];GO:0071897[1.0];GO:0090305[1.0];GO:0016740[1.0];GO:0003676[1.0];GO:0016779[1.0];GO:0005737[1.0];GO:0006260[1.0];GO:0008408[1.0]	yes	0	0	0	0	0	0	0	0	0	0	0	0	0	0	0	0	0	0	0	0	0	0	0	0	0	0	0	0	0	0	0	0	3585	Clostridium botulinum	DNA polymerase III subunit alpha	A5I822	0.0
Clostridium_botulinum_gapdh	1520	GO:0047100;GO:0016491;GO:0016620;GO:0055114;GO:0008886	1520:0.755	GO:0047100[1.0];GO:0016491[1.0];GO:0016620[1.0];GO:0055114[1.0];GO:0008886[1.0]	yes	0	0	0	0	0	0	0	0	0	0	0	0	0	0	0	0	0	0	0	0	0	0	0	0	0	0	0	0	0	0	0	0	1461	Clostridium beijerinckii	NADP-dependent glyceraldehyde-3-phosphate dehydrogenase	Q59931	0.0
Clostridium_botulinum_pta	1408285	GO:0008959;GO:0016407;GO:0016740;GO:0006085;GO:0016746;GO:0005737;GO:0019413	1408285:0.972	GO:0008959[1.0];GO:0016407[1.0];GO:0016740[1.0];GO:0006085[1.0];GO:0016746[1.0];GO:0005737[1.0];GO:0019413[1.0]	yes	0	0	0	0	0	0	0	0	0	0	0	0	0	0	0	0	0	0	0	0	0	0	0	0	0	0	0	0	0	0	0	0	999	Clostridium botulinum CDC_297	Phosphate acetyltransferase	P71103	1.23e-168
Clostridium_botulinum_recA	1491	GO:0005524;GO:0006259;GO:0009432;GO:0008094;GO:0006974;GO:0003697;GO:0006310;GO:0005737;GO:0003677;GO:0006281;GO:0000166;GO:0003684	1491:0.988,536232:1.0,515621:1.0,498214:0.997,1509:0.994,441772:0.994,1379739:0.991,471871:0.991	GO:0005524[1.0];GO:0006259[1.0];GO:0009432[1.0];GO:0008094[1.0];GO:0006974[1.0];GO:0003697[1.0];GO:0006310[1.0];GO:0005737[1.0];GO:0003677[1.0];GO:0006281[1.0];GO:0000166[1.0];GO:0003684[1.0]	yes	0	0	0	0	0	0	0	0	0	0	0	0	0	0	0	0	0	0	0	0	0	0	0	0	0	0	0	0	0	0	0	0	1011	Clostridium botulinum	Protein RecA	A0A1E8F2Y2	0.0
Clostridium_botulinum_rpoB	441770	GO:0003899;GO:0016740;GO:0016779;GO:0032549;GO:0006351;GO:0003677	441770:1.0,536232:0.999,1491:0.991,498213:0.998,441772:0.998,1379739:0.994,1509:0.99,515621:0.986,498214:0.985	GO:0003899[1.0];GO:0016740[1.0];GO:0016779[1.0];GO:0032549[1.0];GO:0006351[1.0];GO:0003677[1.0]	yes	0	0	0	0	0	0	0	0	0	0	0	0	0	0	0	0	0	0	0	0	0	0	0	0	0	0	0	0	0	0	0	0	3699	Clostridium botulinum A str. ATCC 19397	DNA-directed RNA polymerase subunit beta	A0A6M0ZBA3	0.0
Clostridium_botulinum_tuf	1491	GO:0005525;GO:0006414;GO:0006412;GO:0005737;GO:0003924;GO:0003746;GO:0000166	1491:0.978	GO:0005525[1.0];GO:0006414[1.0];GO:0006412[1.0];GO:0005737[1.0];GO:0003924[1.0];GO:0003746[1.0];GO:0000166[1.0]	yes	0	0	0	0	0	0	0	0	0	0	0	0	0	0	0	0	0	0	0	0	0	0	0	0	0	0	0	0	0	0	0	0	1194	Clostridium botulinum	Elongation factor Tu	A7FZ71	0.0
Clostridium_butyricum_sodA	632245	GO:0006801;GO:0016491;GO:0046872;GO:0004784;GO:0019430;GO:0055114	632245:0.99	GO:0006801[1.0];GO:0016491[1.0];GO:0046872[1.0];GO:0004784[1.0];GO:0019430[1.0];GO:0055114[1.0]	yes	0	0	0	0	0	0	0	0	0	0	0	0	0	0	0	0	0	0	0	0	0	0	0	0	0	0	0	0	0	0	0	0	621	Clostridium butyricum E4 str. BoNT E BL5262	Superoxide dismutase	C4IBA7	2.3e-145
Clostridium_perfringens_gmk	1502	GO:0006163;GO:0016310;GO:0016740;GO:0046710;GO:0005737;GO:0016301;GO:0046037;GO:0004385;GO:0000166;GO:0005524	1502:0.997,195103:1.0	GO:0006163[1.0];GO:0016310[1.0];GO:0016740[1.0];GO:0046710[1.0];GO:0005737[1.0];GO:0016301[1.0];GO:0046037[1.0];GO:0004385[1.0];GO:0000166[1.0];GO:0005524[1.0]	yes	0	0	0	0	0	0	0	0	0	0	0	0	0	0	0	0	0	0	0	0	0	0	0	0	0	0	0	0	0	0	0	0	651	Clostridium perfringens	Guanylate kinase	Q0TPK6	3.18e-157
Coccidioides_immitis_HTA1	246410	GO:0005694;GO:0006974;GO:0000786;GO:0005634;GO:0046982;GO:0006281;GO:0003677	246410:1.0,222929:1.0	GO:0005694[1.0];GO:0006974[1.0];GO:0000786[1.0];GO:0005634[1.0];GO:0046982[1.0];GO:0006281[1.0];GO:0003677[1.0]	yes	0	0	0	0	0	0	0	0	0	0	0	0	0	0	0	0	0	0	0	0	0	0	0	0	0	0	0	0	0	0	0	0	913	Coccidioides immitis RS	Histone H2A	Q1E5N1	9.84e-40
Coxiella_burnetii_glnA	227377	GO:0016874;GO:0003824;GO:0005737;GO:0004356;GO:0006542;GO:0006807;GO:0000166;GO:0005524	227377:1.0,434922:1.0,777:0.998,1401251:0.999,1293501:0.999,360115:0.999,434923:0.999,1294266:0.999,434924:0.998,360116:0.998,1321945:0.998	GO:0016874[1.0];GO:0003824[1.0];GO:0005737[1.0];GO:0004356[1.0];GO:0006542[1.0];GO:0006807[1.0];GO:0000166[1.0];GO:0005524[1.0]	yes	0	0	0	0	0	0	0	0	0	0	0	0	0	0	0	0	0	0	0	0	0	0	0	0	0	0	0	0	0	0	0	0	1080	Coxiella burnetii RSA 493	Glutamine synthetase	Q83E31	0.0
Escherichia_coli_ppk	1110693	GO:0003824;GO:0016310;GO:0008976;GO:0016740;GO:0016301;GO:0046872;GO:0009358;GO:0006799;GO:0000166;GO:0005524	1110693:1.0,595496:1.0,679895:1.0,83333:1.0,1403831:1.0,2605619:1.0,1385755:1.0,910348:1.0,562:1.0,536056:1.0,316407:1.0,1358422:1.0,1441627:1.0,2664291:1.0,745156:1.0,1446608:1.0,1435461:1.0,941323:1.0,1245474:1.0,316385:1.0,511145:1.0	GO:0003824[1.0];GO:0016310[1.0];GO:0008976[1.0];GO:0016740[1.0];GO:0016301[1.0];GO:0046872[1.0];GO:0009358[1.0];GO:0006799[1.0];GO:0000166[1.0];GO:0005524[1.0]	yes	0	0	0	0	0	0	0	0	0	0	0	0	0	0	0	0	0	0	0	0	0	0	0	0	0	0	0	0	0	0	0	0	2067	Escherichia coli str. K-12 substr. MDS42	Polyphosphate kinase	P0A7B2	0.0
Francisella_tularensis_dnaA	1386968	GO:0005524;GO:0005737;GO:0003688;GO:0006270;GO:0006260;GO:0006275;GO:0043565;GO:0000166;GO:0003677	1386968:0.99	GO:0005524[1.0];GO:0005737[1.0];GO:0003688[1.0];GO:0006270[1.0];GO:0006260[1.0];GO:0006275[1.0];GO:0043565[1.0];GO:0000166[1.0];GO:0003677[1.0]	yes	0	0	0	0	0	0	0	0	0	0	0	0	0	0	0	0	0	0	0	0	0	0	0	0	0	0	0	0	0	0	0	0	1476	Francisella tularensis subsp. novicida PA10-7858	Chromosomal replication initiator protein DnaA	A7N926	0.0
Francisella_tularensis_gdh	177416	GO:0019552;GO:0016491;GO:0006520;GO:0016639;GO:0055114;GO:0004352	177416:1.0,1001542:1.0,393115:1.0,543737:1.0,263:1.0,510831:1.0,1001534:1.0,1341656:1.0,119856:0.997,32630:1.0,418136:0.997,1133671:0.997	GO:0019552[1.0];GO:0016491[1.0];GO:0006520[1.0];GO:0016639[1.0];GO:0055114[1.0];GO:0004352[1.0]	yes	0	0	0	0	0	0	0	0	0	0	0	0	0	0	0	0	0	0	0	0	0	0	0	0	0	0	0	0	0	0	0	0	1350	Francisella tularensis subsp. tularensis SCHU S4	NAD-specific glutamate dehydrogenase	P24295	0.0
Francisella_tularensis_mutS	401614	GO:0003684;GO:0005524;GO:0006974;GO:0006281;GO:0006298;GO:0030983;GO:0000166;GO:0003677	401614:0.988,573568:0.986,264:0.986,119857:0.979,393115:0.976,441952:0.977,418136:0.977,263:0.976,393011:0.975	GO:0003684[1.0];GO:0005524[1.0];GO:0006974[1.0];GO:0006281[1.0];GO:0006298[1.0];GO:0030983[1.0];GO:0000166[1.0];GO:0003677[1.0]	yes	0	0	0	0	0	0	0	0	0	0	0	0	0	0	0	0	0	0	0	0	0	0	0	0	0	0	0	0	0	0	0	0	2535	Francisella tularensis subsp. novicida U112	DNA mismatch repair protein MutS	A0Q809	0.0
Francisella_tularensis_prfB	1450527	GO:0016149;GO:0006412;GO:0003747;GO:0005737;GO:0006415	1450527:1.0	GO:0016149[1.0];GO:0006412[1.0];GO:0003747[1.0];GO:0005737[1.0];GO:0006415[1.0]	yes	0	0	0	0	0	0	0	0	0	0	0	0	0	0	0	0	0	0	0	0	0	0	0	0	0	0	0	0	0	0	0	0	1090	Francisella tularensis subsp. novicida D9876	Peptide chain release factor 2	A0A2L1CFX0	0.0
Francisella_tularensis_putA	1450527	GO:0010133;GO:0003842;GO:0003700;GO:0016491;GO:0016620;GO:0006560;GO:0004657;GO:0006561;GO:0055114;GO:0006355;GO:0003677	1450527:1.0	GO:0010133[1.0];GO:0003842[1.0];GO:0003700[1.0];GO:0016491[1.0];GO:0016620[1.0];GO:0006560[1.0];GO:0004657[1.0];GO:0006561[1.0];GO:0055114[1.0];GO:0006355[1.0];GO:0003677[1.0]	yes	0	0	0	0	0	0	0	0	0	0	0	0	0	0	0	0	0	0	0	0	0	0	0	0	0	0	0	0	0	0	0	0	4065	Francisella tularensis subsp. novicida D9876	Bifunctional protein PutA	A0Q702	0.0
Francisella_tularensis_serC	28110	GO:0008483;GO:0016740;GO:0030170;GO:0006564;GO:0005737;GO:0008615;GO:0004648	28110:0.821	GO:0008483[1.0];GO:0016740[1.0];GO:0030170[1.0];GO:0006564[1.0];GO:0005737[1.0];GO:0008615[1.0];GO:0004648[1.0]	yes	0	0	0	0	0	0	0	0	0	0	0	0	0	0	0	0	0	0	0	0	0	0	0	0	0	0	0	0	0	0	0	0	1053	Francisella philomiragia	Phosphoserine aminotransferase	A0A7G1PWU7	0.0
Francisella_tularensis_tpiA	475375	GO:0003824;GO:0006096;GO:0016853;GO:0004807;GO:0006094;GO:0005737	475375:0.895,2016517:0.895	GO:0003824[1.0];GO:0006096[1.0];GO:0016853[1.0];GO:0004807[1.0];GO:0006094[1.0];GO:0005737[1.0]	yes	0	0	0	0	0	0	0	0	0	0	0	0	0	0	0	0	0	0	0	0	0	0	0	0	0	0	0	0	0	0	0	0	762	Francisella sp. MA067296	Triosephosphate isomerase	Q14JZ0	0.0
Mycoplasma_capricolum_rpoB	340047	GO:0003899;GO:0016740;GO:0016779;GO:0032549;GO:0006351;GO:0003677	340047:0.995,1188238:0.995,40480:0.991,1124992:0.991	GO:0003899[1.0];GO:0016740[1.0];GO:0016779[1.0];GO:0032549[1.0];GO:0006351[1.0];GO:0003677[1.0]	yes	0	0	0	0	0	0	0	0	0	0	0	0	0	0	0	0	0	0	0	0	0	0	0	0	0	0	0	0	0	0	0	0	3864	Mycoplasma capricolum subsp. capricolum ATCC 27343	DNA-directed RNA polymerase subunit beta	A0A291IS94	0.0
Mycoplasma_mycoides_ftsY	1124992	GO:0051301;GO:0005525;GO:0031226;GO:0006614;GO:0016020;GO:0005737;GO:0003924;GO:0006612;GO:0005886;GO:0000166	1124992:0.979,40480:0.978,927701:0.978	GO:0051301[1.0];GO:0005525[1.0];GO:0031226[1.0];GO:0006614[1.0];GO:0016020[1.0];GO:0005737[1.0];GO:0003924[1.0];GO:0006612[1.0];GO:0005886[1.0];GO:0000166[1.0]	yes	0	0	0	0	0	0	0	0	0	0	0	0	0	0	0	0	0	0	0	0	0	0	0	0	0	0	0	0	0	0	0	0	1230	Mycoplasma capricolum subsp. capripneumoniae 87001	Signal recognition particle receptor FtsY	A0A014MFV6	0.0
Mycoplasma_mycoides_tdk	340047	GO:0004797;GO:0071897;GO:0016310;GO:0006259;GO:0016740;GO:0008270;GO:0009157;GO:0005737;GO:0016301;GO:0046872;GO:0000166;GO:0005524	340047:0.938,880447:0.937,2124:0.937,866629:0.937	GO:0004797[1.0];GO:0071897[1.0];GO:0016310[1.0];GO:0006259[1.0];GO:0016740[1.0];GO:0008270[1.0];GO:0009157[1.0];GO:0005737[1.0];GO:0016301[1.0];GO:0046872[1.0];GO:0000166[1.0];GO:0005524[1.0]	yes	0	0	0	0	0	0	0	0	0	0	0	0	0	0	0	0	0	0	0	0	0	0	0	0	0	0	0	0	0	0	0	0	630	Mycoplasma capricolum subsp. capricolum ATCC 27343	Thymidine kinase	A0A014KTC5	9.04e-149
Ralstonia_solanacearum_adk	428406	GO:0004017;GO:0016776;GO:0016310;GO:0044209;GO:0016740;GO:0019205;GO:0005737;GO:0016301;GO:0046940;GO:0006139;GO:0009165;GO:0000166;GO:0005524	428406:0.914,105219:0.914,305:0.994,402626:0.914	GO:0004017[1.0];GO:0016776[1.0];GO:0016310[1.0];GO:0044209[1.0];GO:0016740[1.0];GO:0019205[1.0];GO:0005737[1.0];GO:0016301[1.0];GO:0046940[1.0];GO:0006139[1.0];GO:0009165[1.0];GO:0000166[1.0];GO:0005524[1.0]	yes	0	0	0	0	0	0	0	0	0	0	0	0	0	0	0	0	0	0	0	0	0	0	0	0	0	0	0	0	0	0	0	0	669	Ralstonia pickettii 12D	Adenylate kinase	A0A177RTB1	1.32e-161
Ralstonia_solanacearum_gdhA	859656	GO:0016491;GO:0006520;GO:0016639;GO:0055114;GO:0000166	859656:1.0,305:0.997	GO:0016491[1.0];GO:0006520[1.0];GO:0016639[1.0];GO:0055114[1.0];GO:0000166[1.0]	yes	0	0	0	0	0	0	0	0	0	0	0	0	0	0	0	0	0	0	0	0	0	0	0	0	0	0	0	0	0	0	0	0	1302	Ralstonia solanacearum CFBP2957	Glutamate dehydrogenase	A0A177RM04	0.0
Ralstonia_solanacearum_gyrB	859656	GO:0005524;GO:0003916;GO:0005694;GO:0003918;GO:0006261;GO:0016853;GO:0005737;GO:0046872;GO:0006265;GO:0000166;GO:0003677	859656:0.987,305:0.984	GO:0005524[1.0];GO:0003916[1.0];GO:0005694[1.0];GO:0003918[1.0];GO:0006261[1.0];GO:0016853[1.0];GO:0005737[1.0];GO:0046872[1.0];GO:0006265[1.0];GO:0000166[1.0];GO:0003677[1.0]	yes	0	0	0	0	0	0	0	0	0	0	0	0	0	0	0	0	0	0	0	0	0	0	0	0	0	0	0	0	0	0	0	0	2529	Ralstonia solanacearum CFBP2957	DNA gyrase subunit B	A0A177RM91	0.0
Ralstonia_solanacearum_leuS	305	GO:0106074;GO:0016874;GO:0005524;GO:0002161;GO:0006412;GO:0006429;GO:0005737;GO:0004823;GO:0004812;GO:0000166;GO:0006418	305:0.997,859656:0.997	GO:0106074[1.0];GO:0016874[1.0];GO:0005524[1.0];GO:0002161[1.0];GO:0006412[1.0];GO:0006429[1.0];GO:0005737[1.0];GO:0004823[1.0];GO:0004812[1.0];GO:0000166[1.0];GO:0006418[1.0]	yes	0	0	0	0	0	0	0	0	0	0	0	0	0	0	0	0	0	0	0	0	0	0	0	0	0	0	0	0	0	0	0	0	2634	Ralstonia solanacearum	Leucine--tRNA ligase	F6FYH5	0.0
Ralstonia_solanacearum_mutS	859656	GO:0003684;GO:0005524;GO:0006974;GO:0006281;GO:0006298;GO:0030983;GO:0000166;GO:0003677	859656:0.995,305:0.994	GO:0003684[1.0];GO:0005524[1.0];GO:0006974[1.0];GO:0006281[1.0];GO:0006298[1.0];GO:0030983[1.0];GO:0000166[1.0];GO:0003677[1.0]	yes	0	0	0	0	0	0	0	0	0	0	0	0	0	0	0	0	0	0	0	0	0	0	0	0	0	0	0	0	0	0	0	0	1662	Ralstonia solanacearum CFBP2957	DNA mismatch repair protein MutS	A0A177RP52	0.0
Ralstonia_solanacearum_rplB	305	GO:0006412;GO:0019843;GO:0015934;GO:0016740;GO:0003735;GO:0005840;GO:0003723	305:0.942	GO:0006412[1.0];GO:0019843[1.0];GO:0015934[1.0];GO:0016740[1.0];GO:0003735[1.0];GO:0005840[1.0];GO:0003723[1.0]	yes	0	0	0	0	0	0	0	0	0	0	0	0	0	0	0	0	0	0	0	0	0	0	0	0	0	0	0	0	0	0	0	0	831	Ralstonia solanacearum	50S ribosomal protein L2	B5S046	0.0
Rickettsia_prowazekii_gltA	1105094	GO:0036440;GO:0004108;GO:0003824;GO:0006099;GO:0016740;GO:0008152;GO:0005737;GO:0046912	1105094:1.0,1290428:1.0,1105097:1.0,1105098:0.999,1105099:0.999,1105096:0.999,1105095:0.999,272947:0.999,449216:0.999,1290427:0.999,782:0.999	GO:0036440[1.0];GO:0004108[1.0];GO:0003824[1.0];GO:0006099[1.0];GO:0016740[1.0];GO:0008152[1.0];GO:0005737[1.0];GO:0046912[1.0]	yes	0	0	0	0	0	0	0	0	0	0	0	0	0	0	0	0	0	0	0	0	0	0	0	0	0	0	0	0	0	0	0	0	1311	Rickettsia prowazekii str. Chernikova	Citrate synthase	P09948	0.0
Rickettsia_prowazekii_rpoB	272947	GO:0046677;GO:0003899;GO:0016740;GO:0016779;GO:0032549;GO:0006351;GO:0003677	272947:1.0	GO:0046677[1.0];GO:0003899[1.0];GO:0016740[1.0];GO:0016779[1.0];GO:0032549[1.0];GO:0006351[1.0];GO:0003677[1.0]	yes	0	0	0	0	0	0	0	0	0	0	0	0	0	0	0	0	0	0	0	0	0	0	0	0	0	1	0	0	0	0	0	0	4125	Rickettsia prowazekii str. Madrid E	DNA-directed RNA polymerase subunit beta	O52271	0.0
Salmonella_enterica_Typhi_adk	718274	GO:0004017;GO:0016776;GO:0016310;GO:0044209;GO:0016740;GO:0019205;GO:0005737;GO:0016301;GO:0046940;GO:0006139;GO:0009165;GO:0000166;GO:0005524	718274:1.0,1454644:1.0,454169:1.0,59201:1.0,866913:1.0,1299044:1.0,85569:1.0,1242090:1.0,996633:1.0,1454616:1.0,1454622:1.0,1124936:1.0,1029978:1.0,877468:1.0,90105:1.0,1194159:1.0,796732:1.0,108619:1.0,796730:1.0,796731:1.0,858305:1.0,2583588:1.0,858307:1.0,57741:1.0,1454642:1.0,568709:1.0,568708:1.0,1454619:1.0,997339:1.0,909946:1.0,99287:1.0,1454629:1.0,1454638:1.0,1454630:1.0,1008297:1.0,990282:1.0,1454627:1.0,1454617:1.0,28901:1.0,1454640:1.0,1160717:1.0,440524:1.0,1454636:1.0,1129117:1.0,611:1.0,1620419:1.0,1271864:1.0,216597:1.0,423368:1.0,1454641:1.0,796733:1.0,1454621:1.0,149539:1.0,1029997:1.0,588858:1.0,2579247:1.0,1271862:1.0,1454645:1.0,858306:1.0,1454639:1.0,1454647:1.0,1171376:1.0,1454634:1.0,90371:1.0,1454618:1.0,1454643:1.0,1160769:1.0	GO:0004017[1.0];GO:0016776[1.0];GO:0016310[1.0];GO:0044209[1.0];GO:0016740[1.0];GO:0019205[1.0];GO:0005737[1.0];GO:0016301[1.0];GO:0046940[1.0];GO:0006139[1.0];GO:0009165[1.0];GO:0000166[1.0];GO:0005524[1.0]	yes	0	0	0	0	0	0	0	0	0	0	0	0	0	0	0	0	0	0	0	0	0	0	0	0	0	0	0	0	0	0	0	0	660	Salmonella enterica subsp. enterica serovar Typhimurium str. T000240	Adenylate kinase	A9MLY5	1.14e-155
Salmonella_enterica_Typhi_aroC	440524	GO:0004107;GO:0009423;GO:0016829;GO:0009073;GO:0008652	440524:1.0,990282:1.0,1008297:1.0,1454640:1.0,28901:0.999,1454617:1.0,1620419:1.0,1454641:1.0,423368:1.0,216597:1.0,1454636:1.0,149539:1.0,796733:1.0,1454621:1.0,1454634:1.0,1171376:1.0,1454647:1.0,1454643:1.0,90371:0.999,2579247:1.0,588858:1.0,1454639:1.0,858306:1.0,1454645:1.0,1271862:1.0,85569:1.0,59201:1.0,866913:1.0,1454644:1.0,718274:1.0,1029978:1.0,877468:1.0,996633:1.0,1454616:1.0,1454622:1.0,858307:1.0,2583588:1.0,858305:1.0,568709:1.0,568708:1.0,1454642:1.0,108619:1.0,796732:1.0,796731:1.0,796730:1.0,1454638:1.0,1454630:1.0,1454619:1.0,1454629:1.0,2500153:1.0,99287:1.0,909946:1.0,997339:1.0,858308:0.999	GO:0004107[1.0];GO:0009423[1.0];GO:0016829[1.0];GO:0009073[1.0];GO:0008652[1.0]	yes	0	0	0	0	0	0	0	0	0	0	0	0	0	0	0	0	0	0	0	0	0	0	0	0	0	0	0	0	0	0	0	0	1097	Salmonella enterica subsp. enterica serovar 4,[5],12:i:-	Chorismate synthase	Q57LX0	0.0
Salmonella_enterica_Typhi_dnaN	1124936	GO:0016853;GO:0008408;GO:0006265;GO:0005524;GO:0071897;GO:0009360;GO:0005694;GO:0016779;GO:0046872;GO:0043565;GO:0000166;GO:0003887;GO:0090305;GO:0003916;GO:0003918;GO:0003697;GO:0005737;GO:0003688;GO:0006270;GO:0003677;GO:0016740;GO:0006260;GO:0006275;GO:0006281	1124936:1.0,1029978:1.0,877468:1.0,996633:1.0,1454622:1.0,1454616:1.0,85569:1.0,59201:0.999,866913:1.0,1299044:1.0,1242090:1.0,718274:1.0,1454644:1.0,454169:1.0,483687:1.0,1454638:1.0,1454630:1.0,1454619:1.0,1454629:1.0,909946:1.0,99287:1.0,997339:1.0,858307:1.0,858305:1.0,2583588:0.999,1454642:1.0,568709:1.0,568708:1.0,108619:1.0,48409:1.0,796732:1.0,796731:1.0,796730:1.0,1620419:1.0,1271864:1.0,423368:1.0,216597:1.0,1454641:1.0,1454636:1.0,611:1.0,440524:0.999,990282:1.0,1008297:1.0,1160717:1.0,1454640:1.0,1454617:1.0,28901:0.999,1171376:1.0,1454634:1.0,1454647:1.0,1454643:1.0,90371:0.999,2579247:1.0,588858:1.0,1454645:1.0,858306:1.0,1454639:1.0,1271862:1.0,1029997:1.0,149539:1.0,796733:1.0,858308:1.0,1454621:1.0,1129117:0.999,1160769:0.999	GO:0016853[1.0];GO:0008408[1.0];GO:0006265[1.0];GO:0005524[1.0];GO:0071897[1.0];GO:0009360[1.0];GO:0005694[1.0];GO:0016779[1.0];GO:0046872[1.0];GO:0043565[1.0];GO:0000166[1.0];GO:0003887[1.0];GO:0090305[1.0];GO:0003916[1.0];GO:0003918[1.0];GO:0003697[1.0];GO:0005737[1.0];GO:0003688[1.0];GO:0006270[1.0];GO:0003677[1.0];GO:0016740[1.0];GO:0006260[1.0];GO:0006275[1.0];GO:0006281[1.0]	yes	0	0	0	0	0	0	0	0	0	0	0	0	0	0	0	0	0	0	0	0	0	0	0	0	0	0	0	0	0	0	0	0	1101	Salmonella enterica subsp. enterica serovar Heidelberg str. 41578	DNA replication and repair protein RecF	A0A0A2W3F8	0.0
Salmonella_enterica_Typhi_hemD	85569	GO:0006782;GO:0033014;GO:0004852;GO:0016829;GO:0006780;GO:0006779	85569:1.0,59201:1.0,866913:1.0,440524:1.0,990282:1.0,718274:1.0,1454644:1.0,1454640:1.0,28901:1.0,1029978:1.0,1620419:1.0,1454641:1.0,216597:1.0,996633:1.0,1454636:1.0,149539:1.0,2583588:1.0,1454642:1.0,568708:1.0,568709:1.0,1171376:1.0,1454634:1.0,1454638:1.0,1454647:1.0,1160769:1.0,1454643:1.0,1454630:1.0,90371:1.0,2579247:1.0,588858:1.0,1454645:1.0,1454639:1.0,99287:1.0,909946:1.0,1271862:1.0	GO:0006782[1.0];GO:0033014[1.0];GO:0004852[1.0];GO:0016829[1.0];GO:0006780[1.0];GO:0006779[1.0]	yes	0	0	0	0	0	0	0	0	0	0	0	0	0	0	0	0	0	0	0	0	0	0	0	0	0	0	0	0	0	0	0	0	757	Salmonella enterica subsp. enterica serovar Typhimurium str. DT104	Uroporphyrinogen-III synthase	Q9L6Q3	9.48e-179
Salmonella_enterica_Typhi_hisD	1124936	GO:0016616;GO:0005829;GO:0000105;GO:0004399;GO:0051287;GO:0008270;GO:0016491;GO:0046872;GO:0005737;GO:0008652;GO:0055114	1124936:1.0,1029978:1.0,90105:0.999,996633:1.0,59201:1.0,866913:1.0,1299044:1.0,85569:1.0,1242090:1.0,718274:1.0,1454644:1.0,454169:1.0,1454638:1.0,1454630:1.0,909946:1.0,99287:1.0,2583588:0.999,1454642:1.0,568709:1.0,568708:1.0,1194159:1.0,1620419:1.0,1271864:1.0,216597:1.0,1454641:1.0,1454636:1.0,611:1.0,440524:1.0,1008297:1.0,990282:1.0,28901:1.0,1454640:1.0,1160717:1.0,1454647:1.0,1454634:1.0,90371:0.999,1454643:1.0,1160769:1.0,588858:1.0,2579247:1.0,1271862:1.0,1454645:1.0,1454639:1.0,149539:1.0,1029997:1.0,687860:1.0,1129117:0.999,45196:1.0,2066511:1.0,2066510:1.0,197855:0.999	GO:0016616[1.0];GO:0005829[1.0];GO:0000105[1.0];GO:0004399[1.0];GO:0051287[1.0];GO:0008270[1.0];GO:0016491[1.0];GO:0046872[1.0];GO:0005737[1.0];GO:0008652[1.0];GO:0055114[1.0]	yes	0	0	0	0	0	0	0	0	0	0	0	0	0	0	0	0	0	0	0	0	0	0	0	0	0	0	0	0	0	0	0	0	1319	Salmonella enterica subsp. enterica serovar Heidelberg str. 41578	Histidinol dehydrogenase	P10370	0.0
Salmonella_enterica_Typhi_purE	1029978	GO:0016874;GO:0005524;GO:0016853;GO:0016829;GO:0006164;GO:0004638;GO:0046872;GO:0034028;GO:0034023;GO:0000166;GO:0006189	1029978:1.0,1620419:1.0,216597:1.0,1454641:1.0,996633:1.0,1454636:1.0,85569:1.0,59201:1.0,866913:1.0,440524:1.0,990282:1.0,718274:1.0,1454644:1.0,1008297:1.0,1454640:1.0,28901:0.998,1171376:1.0,1454634:1.0,1454647:1.0,1454638:1.0,1160769:1.0,1454643:1.0,1454630:1.0,90371:0.998,2579247:1.0,588858:1.0,1454645:1.0,1454639:1.0,909946:1.0,1271862:1.0,99287:1.0,149539:1.0,2583588:1.0,439851:1.0,1454642:1.0,568709:1.0,687860:1.0,98360:1.0,595:1.0,1962641:0.998,568708:0.998	GO:0016874[1.0];GO:0005524[1.0];GO:0016853[1.0];GO:0016829[1.0];GO:0006164[1.0];GO:0004638[1.0];GO:0046872[1.0];GO:0034028[1.0];GO:0034023[1.0];GO:0000166[1.0];GO:0006189[1.0]	yes	0	0	0	0	0	0	0	0	0	0	0	0	0	0	0	0	0	0	0	0	0	0	0	0	0	0	0	0	0	0	0	0	599	Salmonella enterica subsp. enterica serovar Typhimurium str. SARA13	Multifunctional fusion protein	A0A379VV53	1.44e-111
Salmonella_enterica_Typhi_sucA	568708	GO:0006099;GO:0016491;GO:0030976;GO:0016624;GO:0004591;GO:0055114	568708:1.0,2583588:1.0,1454645:1.0,1454639:1.0,1271862:1.0,909946:1.0,99287:1.0,588858:1.0,1160769:1.0,90371:0.999,1171376:1.0,1454647:1.0,1454638:1.0,28901:1.0,990282:1.0,718274:1.0,1008297:1.0,440524:1.0,866913:1.0,59201:1.0,996633:1.0,1454636:1.0,216597:1.0,1454641:1.0,1029978:1.0,1620419:1.0,1454642:1.0,568709:1.0,149539:1.0,2579247:1.0,1454643:1.0,1454630:1.0,1454634:1.0,1454640:1.0,1454644:1.0,85569:1.0	GO:0006099[1.0];GO:0016491[1.0];GO:0030976[1.0];GO:0016624[1.0];GO:0004591[1.0];GO:0055114[1.0]	yes	0	0	0	0	0	0	0	0	0	0	0	0	0	0	0	0	0	0	0	0	0	0	0	0	0	0	0	0	0	0	0	0	2923	Salmonella enterica subsp. enterica serovar Typhimurium str. D23580	Oxoglutarate dehydrogenase (succinyl-transferring)	A0A6M3NT44	0.0
Salmonella_enterica_Typhi_thrA	718274	GO:0000166;GO:0009089;GO:0016310;GO:0009067;GO:0009090;GO:0003824;GO:0016740;GO:0004072;GO:0008152;GO:0004412;GO:0016491;GO:0016301;GO:0006520;GO:0008652;GO:0055114;GO:0050661;GO:0009088;GO:0005524	718274:1.0,28901:1.0,59201:0.999,99287:1.0,1171376:1.0,90371:1.0,1008297:1.0,1454644:1.0,990282:1.0,1454640:1.0,866913:1.0,85569:1.0,440524:1.0,1454636:1.0,996633:1.0,1620419:1.0,1029978:1.0,1454641:1.0,216597:1.0,2583588:0.999,149539:1.0,568709:1.0,568708:1.0,1454642:1.0,588858:1.0,909946:1.0,1271862:1.0,1454639:1.0,1454645:1.0,1454638:1.0,1454647:1.0,1454634:1.0,1454630:1.0,1160769:1.0,2579247:0.999,1454643:0.999	GO:0000166[1.0];GO:0009089[1.0];GO:0016310[1.0];GO:0009067[1.0];GO:0009090[1.0];GO:0003824[1.0];GO:0016740[1.0];GO:0004072[1.0];GO:0008152[1.0];GO:0004412[1.0];GO:0016491[1.0];GO:0016301[1.0];GO:0006520[1.0];GO:0008652[1.0];GO:0055114[1.0];GO:0050661[1.0];GO:0009088[1.0];GO:0005524[1.0]	yes	0	0	0	0	0	0	0	0	0	0	0	0	0	0	0	0	0	0	0	0	0	0	0	0	0	0	0	0	0	0	0	0	2475	Salmonella enterica subsp. enterica serovar Typhimurium str. T000240	Bifunctional aspartokinase/homoserine dehydrogenase 1	P00561	0.0
SARS_CoV_2_Spike_OM858820.1_Nbenthamiana	32630	GO:0019064;GO:0039503;GO:0044173;GO:0005515;GO:0044650;GO:0039502;GO:0005793;GO:0055036;GO:0030666;GO:0019081;GO:0046813;GO:0009405;GO:0016032;GO:0039663;GO:0039654;GO:0019012;GO:0046718;GO:0030683;GO:0075509;GO:0046789;GO:0019082;GO:0039587;GO:0005788;GO:0020002;GO:0019062;GO:0016021;GO:0033644;GO:0019031;GO:0016020;GO:0042802	32630:0.84	GO:0019064[1.0];GO:0039503[1.0];GO:0044173[1.0];GO:0005515[1.0];GO:0044650[1.0];GO:0039502[1.0];GO:0005793[1.0];GO:0055036[1.0];GO:0030666[1.0];GO:0019081[1.0];GO:0046813[1.0];GO:0009405[1.0];GO:0016032[1.0];GO:0039663[1.0];GO:0039654[1.0];GO:0019012[1.0];GO:0046718[1.0];GO:0030683[1.0];GO:0075509[1.0];GO:0046789[1.0];GO:0019082[1.0];GO:0039587[1.0];GO:0005788[1.0];GO:0020002[1.0];GO:0019062[1.0];GO:0016021[1.0];GO:0033644[1.0];GO:0019031[1.0];GO:0016020[1.0];GO:0042802[1.0]	yes	-	-	-	-	-	-	-	-	-	-	-	-	-	-	-	-	-	-	-	-	-	-	-	-	-	-	-	-	-	-	-	-	3816	synthetic construct	Spike glycoprotein	P0DTC2	0.0
SARS_CoV_2_Spike_OM858819.1_Nbenthamiana	32630	GO:0019064;GO:0039503;GO:0044173;GO:0005515;GO:0044650;GO:0039502;GO:0005793;GO:0055036;GO:0030666;GO:0019081;GO:0046813;GO:0009405;GO:0016032;GO:0039663;GO:0039654;GO:0019012;GO:0046718;GO:0030683;GO:0075509;GO:0046789;GO:0019082;GO:0039587;GO:0005788;GO:0020002;GO:0019062;GO:0016021;GO:0033644;GO:0019031;GO:0016020;GO:0042802	32630:0.824	GO:0019064[1.0];GO:0039503[1.0];GO:0044173[1.0];GO:0005515[1.0];GO:0044650[1.0];GO:0039502[1.0];GO:0005793[1.0];GO:0055036[1.0];GO:0030666[1.0];GO:0019081[1.0];GO:0046813[1.0];GO:0009405[1.0];GO:0016032[1.0];GO:0039663[1.0];GO:0039654[1.0];GO:0019012[1.0];GO:0046718[1.0];GO:0030683[1.0];GO:0075509[1.0];GO:0046789[1.0];GO:0019082[1.0];GO:0039587[1.0];GO:0005788[1.0];GO:0020002[1.0];GO:0019062[1.0];GO:0016021[1.0];GO:0033644[1.0];GO:0019031[1.0];GO:0016020[1.0];GO:0042802[1.0]	yes	-	-	-	-	-	-	-	-	-	-	-	-	-	-	-	-	-	-	-	-	-	-	-	-	-	-	-	-	-	-	-	-	3813	synthetic construct	Spike glycoprotein	P0DTC2	0.0
Shigella_dysenteriae_gyrB	622	GO:0005524;GO:0046677;GO:0003916;GO:0005694;GO:0003918;GO:0006261;GO:0016853;GO:0005737;GO:0046872;GO:0006265;GO:0000166;GO:0003677	622:1.0,300267:1.0,754093:0.999	GO:0005524[1.0];GO:0046677[1.0];GO:0003916[1.0];GO:0005694[1.0];GO:0003918[1.0];GO:0006261[1.0];GO:0016853[1.0];GO:0005737[1.0];GO:0046872[1.0];GO:0006265[1.0];GO:0000166[1.0];GO:0003677[1.0]	yes	0	0	0	0	0	0	0	0	0	0	0	0	0	0	0	0	0	0	0	0	0	0	0	0	0	0	0	0	0	0	0	0	2415	Shigella dysenteriae	DNA gyrase subunit B	P0AES7	0.0
Shigella_dysenteriae_vapC	622	GO:0004540;GO:0090305;GO:0004519;GO:0004518;GO:0016787;GO:0000287;GO:0046872;GO:0090501	622:0.997,300269:0.997,300268:0.997,621:0.997,623:0.997,344610:0.997,216599:0.997,624:0.997	GO:0004540[1.0];GO:0090305[1.0];GO:0004519[1.0];GO:0004518[1.0];GO:0016787[1.0];GO:0000287[1.0];GO:0046872[1.0];GO:0090501[1.0]	yes	0	0	0	0	0	0	0	0	0	0	0	0	0	0	0	0	0	0	0	0	0	0	0	0	0	0	0	0	0	0	0	0	399	Shigella dysenteriae	tRNA(fMet)-specific endonuclease VapC	O06662	9.87e-93
Vaccinia_virus_A12L	10245	GO:0019012	10245:0.976,10243:0.976	GO:0019012[1.0]	yes	0	0	0	0	0	0	0	0	0	0	0	0	0	0	0	0	0	0	0	0	0	0	0	0	0	0	0	0	0	0	0	0	579	Vaccinia virus	25 kDa core protein A12L	Q80HV7	1.84e-137
Vibrio_cholerae_dnaE	2204204	GO:0005829;GO:0003887;GO:0003824;GO:0071897;GO:0090305;GO:0016740;GO:0003676;GO:0016779;GO:0005737;GO:0005515;GO:0006260;GO:0008408;GO:0044776;GO:0003677	2204204:0.998,243277:1.0,666:0.997,2204203:0.995,2204197:0.992	GO:0005829[1.0];GO:0003887[1.0];GO:0003824[1.0];GO:0071897[1.0];GO:0090305[1.0];GO:0016740[1.0];GO:0003676[1.0];GO:0016779[1.0];GO:0005737[1.0];GO:0005515[1.0];GO:0006260[1.0];GO:0008408[1.0];GO:0044776[1.0];GO:0003677[1.0]	yes	0	0	0	0	0	0	0	0	0	0	0	0	0	0	0	0	0	0	0	0	0	0	0	0	0	0	0	0	0	0	0	0	3480	Vibrio sp. 2017V-1110	DNA polymerase III subunit alpha	P10443	0.0
Vibrio_cholerae_mdh	45888	GO:0016616;GO:0006108;GO:0005975;GO:0003824;GO:0006099;GO:0016615;GO:0016021;GO:0016491;GO:0019752;GO:0055114;GO:0016020;GO:0030060	45888:0.996	GO:0016616[1.0];GO:0006108[1.0];GO:0005975[1.0];GO:0003824[1.0];GO:0006099[1.0];GO:0016615[1.0];GO:0016021[1.0];GO:0016491[1.0];GO:0019752[1.0];GO:0055114[1.0];GO:0016020[1.0];GO:0030060[1.0]	yes	0	0	0	0	0	0	0	0	0	0	0	0	0	0	0	0	0	0	0	0	0	0	0	0	0	0	0	0	0	0	0	0	936	Vibrio cholerae O139	Malate dehydrogenase	D7HDD6	0.0
Vibrio_cholerae_recA	666	GO:0003684;GO:0006259;GO:0009432;GO:0008094;GO:0006974;GO:0003697;GO:0006310;GO:0005737;GO:0003677;GO:0006281;GO:0000166;GO:0005524	666:1.0	GO:0003684[1.0];GO:0006259[1.0];GO:0009432[1.0];GO:0008094[1.0];GO:0006974[1.0];GO:0003697[1.0];GO:0006310[1.0];GO:0005737[1.0];GO:0003677[1.0];GO:0006281[1.0];GO:0000166[1.0];GO:0005524[1.0]	yes	0	0	0	0	0	0	0	0	0	0	0	0	0	0	0	0	0	0	0	0	0	0	0	0	0	0	0	0	0	0	0	0	1065	Vibrio cholerae	Protein RecA	P45383	0.0
Vibrio_cholerae_higA-1	666	GO:0009636;GO:0003677	666:1.0,55601:1.0	GO:0009636[1.0];GO:0003677[1.0]	yes	0	0	0	0	0	0	0	0	0	0	0	0	0	0	0	0	0	0	0	0	0	0	0	0	0	0	0	0	0	0	0	0	318	Vibrio cholerae	Antitoxin HigA-1	Q9KMG4	5.08e-72
Yersinia_pestis_dmsA	273123	GO:0043546;GO:0051536;GO:0009389;GO:0030151;GO:0051539;GO:0031237;GO:0016491;GO:0005515;GO:0046872;GO:0005886;GO:0009390;GO:0009055;GO:0009061;GO:0055114;GO:0016020;GO:0022900;GO:0030288	273123:0.999	GO:0043546[1.0];GO:0051536[1.0];GO:0009389[1.0];GO:0030151[1.0];GO:0051539[1.0];GO:0031237[1.0];GO:0016491[1.0];GO:0005515[1.0];GO:0046872[1.0];GO:0005886[1.0];GO:0009390[1.0];GO:0009055[1.0];GO:0009061[1.0];GO:0055114[1.0];GO:0016020[1.0];GO:0022900[1.0];GO:0030288[1.0]	yes	0	0	0	0	0	0	0	0	0	0	0	0	0	0	0	0	0	0	0	0	0	0	0	0	0	0	0	0	0	0	0	0	2451	Yersinia pseudotuberculosis IP 32953	Dimethyl sulfoxide reductase DmsA	P18775	0.0
Yersinia_pestis_glnA	229193	GO:0016874;GO:0003824;GO:0005737;GO:0046872;GO:0004356;GO:0006542;GO:0006807;GO:0000166;GO:0005524	229193:1.0,360102:1.0,637385:1.0,187410:1.0,649716:1.0,1345701:1.0,1345708:1.0,386656:1.0,637382:1.0,1345704:1.0,748678:1.0,1345710:1.0,1234662:1.0,637386:1.0,547048:1.0,1035377:1.0,1345705:1.0,1345707:1.0,1345703:1.0,632:1.0,377628:1.0,349746:1.0,214092:1.0,1345706:1.0,1345702:1.0,32630:1.0,633:0.997,273123:0.999,502801:0.999,502800:0.999,748672:0.998,349747:0.998	GO:0016874[1.0];GO:0003824[1.0];GO:0005737[1.0];GO:0046872[1.0];GO:0004356[1.0];GO:0006542[1.0];GO:0006807[1.0];GO:0000166[1.0];GO:0005524[1.0]	yes	0	0	0	0	0	0	0	0	0	0	0	0	0	0	0	0	0	0	0	0	0	0	0	0	0	0	0	0	0	0	0	0	1410	Yersinia pestis biovar Microtus str. 91001	Glutamine synthetase	P0A9C7	0.0
Yersinia_pestis_thrA	229193	GO:0000166;GO:0009089;GO:0016310;GO:0009067;GO:0003824;GO:0016740;GO:0004072;GO:0008152;GO:0004412;GO:0016491;GO:0016301;GO:0006520;GO:0008652;GO:0055114;GO:0050661;GO:0009088;GO:0005524	229193:1.0,360102:1.0,187410:1.0,649716:1.0,1345701:1.0,1345704:1.0,386656:1.0,1345708:1.0,1345710:1.0,1234662:1.0,637386:1.0,1035377:1.0,1345705:1.0,1345707:1.0,1345703:1.0,632:1.0,214092:1.0,377628:1.0,1345706:1.0,1345702:1.0,637385:1.0,637382:1.0,748678:1.0,547048:1.0,349746:0.999,273123:0.999,633:0.998,502800:0.999,748672:0.998,349747:0.998,502801:0.998	GO:0000166[1.0];GO:0009089[1.0];GO:0016310[1.0];GO:0009067[1.0];GO:0003824[1.0];GO:0016740[1.0];GO:0004072[1.0];GO:0008152[1.0];GO:0004412[1.0];GO:0016491[1.0];GO:0016301[1.0];GO:0006520[1.0];GO:0008652[1.0];GO:0055114[1.0];GO:0050661[1.0];GO:0009088[1.0];GO:0005524[1.0]	yes	0	0	0	0	0	0	0	0	0	0	0	0	0	0	0	0	0	0	0	0	0	0	0	0	0	0	0	0	0	0	0	0	2460	Yersinia pestis biovar Microtus str. 91001	Bifunctional aspartokinase/homoserine dehydrogenase 1	P27725	0.0
Yersinia_pestis_tmk	367190	GO:0016310;GO:0006233;GO:0016740;GO:0016301;GO:0046940;GO:0004798;GO:0006235;GO:0009165;GO:0000166;GO:0005524	367190:0.942	GO:0016310[1.0];GO:0006233[1.0];GO:0016740[1.0];GO:0016301[1.0];GO:0046940[1.0];GO:0004798[1.0];GO:0006235[1.0];GO:0009165[1.0];GO:0000166[1.0];GO:0005524[1.0]	yes	0	0	0	0	0	0	0	0	0	0	0	0	0	0	0	0	0	0	0	0	0	0	0	0	0	0	0	0	0	0	0	0	639	Yersinia similis	Thymidylate kinase	Q1C6N6	1.15e-150
Yersinia_pseudotuberculosis_aceK	273123	GO:0016791;GO:0016310;GO:0008772;GO:0006097;GO:0006470;GO:0006099;GO:0016311;GO:0016740;GO:0016787;GO:0016788;GO:0005737;GO:0016301;GO:0006468;GO:0004674;GO:0006006;GO:0004721;GO:0000166;GO:0005524	273123:1.0,349747:0.998	GO:0016791[1.0];GO:0016310[1.0];GO:0008772[1.0];GO:0006097[1.0];GO:0006470[1.0];GO:0006099[1.0];GO:0016311[1.0];GO:0016740[1.0];GO:0016787[1.0];GO:0016788[1.0];GO:0005737[1.0];GO:0016301[1.0];GO:0006468[1.0];GO:0004674[1.0];GO:0006006[1.0];GO:0004721[1.0];GO:0000166[1.0];GO:0005524[1.0]	yes	0	0	0	0	0	0	0	0	0	0	0	0	0	0	0	0	0	0	0	0	0	0	0	0	0	0	0	0	0	0	0	0	1728	Yersinia pseudotuberculosis IP 32953	Isocitrate dehydrogenase kinase/phosphatase	Q664W4	0.0
Abrus_precatorius_Abrin-a	3816	GO:0035821;GO:0005575;GO:0045807;GO:0005534;GO:0006952;GO:0016787;GO:0017148;GO:0030598;GO:0030246;GO:0090729	3816:1.0	GO:0035821[1.0];GO:0005575[1.0];GO:0045807[1.0];GO:0005534[1.0];GO:0006952[1.0];GO:0016787[1.0];GO:0017148[1.0];GO:0030598[1.0];GO:0030246[1.0];GO:0090729[1.0]	yes	0	0	0	0	0	0	0	0	0	0	0	0	0	0	0	0	0	0	0	0	0	0	0	0	0	0	0	0	0	0	0	0	1584	Abrus precatorius	Abrin-a	P11140	0.0
African_swine_fever_virus_EP402R	10497	GO:0019012;GO:0016020;GO:0033644;GO:0016021	10497:0.971	GO:0019012[1.0];GO:0016020[1.0];GO:0033644[1.0];GO:0016021[1.0]	yes	0	0	0	0	0	0	0	0	0	0	0	0	0	0	0	0	0	0	0	0	0	0	0	0	0	0	0	0	0	0	0	0	1209	African swine fever virus	CD2 homolog	Q89501	0.0
Alkhumra_hemorrhagic_fever_virus_POLG_ALKV	172148	GO:0044165;GO:0039503;GO:0006397;GO:0039564;GO:0016787;GO:0006370;GO:0003725;GO:0039502;GO:0016817;GO:0016070;GO:0005524;GO:0055036;GO:0004386;GO:0005198;GO:0019028;GO:0044167;GO:0003724;GO:0016779;GO:0008168;GO:0046872;GO:0000166;GO:0106005;GO:0017111;GO:0080009;GO:0019012;GO:0039520;GO:0039654;GO:0039663;GO:0005576;GO:0046718;GO:0016032;GO:0032259;GO:0030683;GO:0003723;GO:0008233;GO:0008236;GO:0039694;GO:0006508;GO:0001172;GO:0003968;GO:0016740;GO:0046983;GO:0042025;GO:0019062;GO:0016021;GO:0004482;GO:0004483;GO:0033644;GO:0016020;GO:0004252	172148:0.992	GO:0044165[1.0];GO:0039503[1.0];GO:0006397[1.0];GO:0039564[1.0];GO:0016787[1.0];GO:0006370[1.0];GO:0003725[1.0];GO:0039502[1.0];GO:0016817[1.0];GO:0016070[1.0];GO:0005524[1.0];GO:0055036[1.0];GO:0004386[1.0];GO:0005198[1.0];GO:0019028[1.0];GO:0044167[1.0];GO:0003724[1.0];GO:0016779[1.0];GO:0008168[1.0];GO:0046872[1.0];GO:0000166[1.0];GO:0106005[1.0];GO:0017111[1.0];GO:0080009[1.0];GO:0019012[1.0];GO:0039520[1.0];GO:0039654[1.0];GO:0039663[1.0];GO:0005576[1.0];GO:0046718[1.0];GO:0016032[1.0];GO:0032259[1.0];GO:0030683[1.0];GO:0003723[1.0];GO:0008233[1.0];GO:0008236[1.0];GO:0039694[1.0];GO:0006508[1.0];GO:0001172[1.0];GO:0003968[1.0];GO:0016740[1.0];GO:0046983[1.0];GO:0042025[1.0];GO:0019062[1.0];GO:0016021[1.0];GO:0004482[1.0];GO:0004483[1.0];GO:0033644[1.0];GO:0016020[1.0];GO:0004252[1.0]	yes	0	0	0	0	0	1	0	0	0	0	0	0	0	0	0	0	1	0	0	0	0	0	0	0	0	0	0	0	0	0	1	0	10251	Alkhumra hemorrhagic fever virus	Core protein	A0A1S6VSX4	0.0
Andes_orthohantavirus_envelopment_polyprotein	1980456	GO:0044178;GO:0055036;GO:0039663;GO:0044165;GO:0039654;GO:0019012;GO:0039503;GO:0046718;GO:0030683;GO:0007165;GO:0044167;GO:0016021;GO:0019062;GO:0039547;GO:0033644;GO:0044177;GO:0016020;GO:0016032	1980456:0.998	GO:0044178[1.0];GO:0055036[1.0];GO:0039663[1.0];GO:0044165[1.0];GO:0039654[1.0];GO:0019012[1.0];GO:0039503[1.0];GO:0046718[1.0];GO:0030683[1.0];GO:0007165[1.0];GO:0044167[1.0];GO:0016021[1.0];GO:0019062[1.0];GO:0039547[1.0];GO:0033644[1.0];GO:0044177[1.0];GO:0016020[1.0];GO:0016032[1.0]	yes	0	0	0	0	0	1	0	0	0	0	0	0	0	0	0	0	0	0	0	0	0	0	0	0	0	0	0	0	0	0	1	0	3417	Andes orthohantavirus	Envelopment polyprotein	Q83887	0.0
Argentinian_mammarenavirus_GPC	2169991	GO:0044165;GO:0044178;GO:0055036;GO:0044167;GO:0019065;GO:0046872;GO:0016032;GO:0039654;GO:0039663;GO:0019012;GO:0046718;GO:0075509;GO:0020002;GO:0019062;GO:0016021;GO:0033644;GO:0019031;GO:0044177;GO:0016020	2169991:0.997	GO:0044165[1.0];GO:0044178[1.0];GO:0055036[1.0];GO:0044167[1.0];GO:0019065[1.0];GO:0046872[1.0];GO:0016032[1.0];GO:0039654[1.0];GO:0039663[1.0];GO:0019012[1.0];GO:0046718[1.0];GO:0075509[1.0];GO:0020002[1.0];GO:0019062[1.0];GO:0016021[1.0];GO:0033644[1.0];GO:0019031[1.0];GO:0044177[1.0];GO:0016020[1.0]	yes	0	0	0	0	0	0	0	0	0	0	0	0	0	0	0	0	0	0	1	0	0	0	0	0	0	0	0	0	0	0	1	0	1458	Argentinian mammarenavirus	Pre-glycoprotein polyprotein GP complex	Q6UY73	0.0
Bacillus_anthracis_lef	568206	GO:0016787;GO:0000122;GO:0005515;GO:0097300;GO:0010629;GO:0008237;GO:0046872;GO:0009405;GO:0061136;GO:1903140;GO:0090729;GO:0003824;GO:0035897;GO:0005576;GO:0001933;GO:0008233;GO:0006508;GO:0043409;GO:0044533	568206:1.0,1392:1.0,261591:1.0,191218:1.0,673518:1.0,1452727:1.0,1449979:1.0,592021:1.0,743835:1.0	GO:0016787[1.0];GO:0000122[1.0];GO:0005515[1.0];GO:0097300[1.0];GO:0010629[1.0];GO:0008237[1.0];GO:0046872[1.0];GO:0009405[1.0];GO:0061136[1.0];GO:1903140[1.0];GO:0090729[1.0];GO:0003824[1.0];GO:0035897[1.0];GO:0005576[1.0];GO:0001933[1.0];GO:0008233[1.0];GO:0006508[1.0];GO:0043409[1.0];GO:0044533[1.0]	yes	0	0	0	1	1	0	0	0	0	0	0	0	0	0	0	0	0	0	0	0	0	0	0	0	0	0	0	0	0	0	0	0	2430	Bacillus anthracis str. CDC 684	Lethal factor	P15917	0.0
Brucella_melitensis_btpA	224914	GO:0050135;GO:0005576;GO:0007165;GO:0016787;GO:0019677;GO:0003953;GO:0061809	224914:1.0,520466:0.999,29459:0.999,941967:0.999,546272:0.999,703352:0.999,520465:0.999	GO:0050135[1.0];GO:0005576[1.0];GO:0007165[1.0];GO:0016787[1.0];GO:0019677[1.0];GO:0003953[1.0];GO:0061809[1.0]	yes	0	0	0	0	0	0	0	0	0	0	0	0	0	0	0	0	0	0	0	0	0	0	0	0	0	0	0	0	0	0	0	0	828	Brucella melitensis bv. 1 str. 16M	NAD(+) hydrolase BtpA	C0RGW8	0.0
Brucella_suis_bmaC	204722	GO:0009279;GO:0019867;GO:0016021;GO:0009986;GO:0009405;GO:0016020;GO:0007155	204722:1.0,1004954:1.0,1171378:1.0,29461:0.999,1112912:1.0,1104321:0.999,36855:0.999,483179:0.999,1408887:0.999,520487:0.999,568815:0.999,520461:0.999,120576:0.998,470137:0.998,645170:0.998,1423891:0.998,644346:0.998,1407053:0.998	GO:0009279[1.0];GO:0019867[1.0];GO:0016021[1.0];GO:0009986[1.0];GO:0009405[1.0];GO:0016020[1.0];GO:0007155[1.0]	yes	0	0	0	0	0	0	0	0	0	0	0	0	0	0	0	0	0	0	0	0	0	0	0	0	0	0	0	0	0	0	0	0	10263	Brucella suis 1330	Adhesin BmaC autotransporter	A0A0H3GGE2	0.0
Burkholderia_mallei_BpaC	28450	GO:0009279;GO:0019867;GO:0016021;GO:0009986;GO:0015031;GO:0009405;GO:0016020;GO:0007155	28450:0.931	GO:0009279[1.0];GO:0019867[1.0];GO:0016021[1.0];GO:0009986[1.0];GO:0015031[1.0];GO:0009405[1.0];GO:0016020[1.0];GO:0007155[1.0]	yes	0	0	0	0	0	0	0	0	0	0	0	0	0	0	0	0	0	0	0	0	0	0	0	0	0	0	0	0	0	0	0	0	3039	Burkholderia pseudomallei	Autotransporter adhesin BpaC	A0A0H3HIJ5	0.0
Chapare_mammarenavirus_GPC	499556	GO:0044165;GO:0044178;GO:0055036;GO:0044167;GO:0019065;GO:0046872;GO:0016032;GO:0039654;GO:0039663;GO:0019012;GO:0046718;GO:0075509;GO:0020002;GO:0019062;GO:0016021;GO:0033644;GO:0019031;GO:0044177;GO:0016020	499556:1.0	GO:0044165[1.0];GO:0044178[1.0];GO:0055036[1.0];GO:0044167[1.0];GO:0019065[1.0];GO:0046872[1.0];GO:0016032[1.0];GO:0039654[1.0];GO:0039663[1.0];GO:0019012[1.0];GO:0046718[1.0];GO:0075509[1.0];GO:0020002[1.0];GO:0019062[1.0];GO:0016021[1.0];GO:0033644[1.0];GO:0019031[1.0];GO:0044177[1.0];GO:0016020[1.0]	yes	0	0	0	0	0	0	0	0	0	0	0	0	0	0	0	0	0	0	1	0	0	0	0	0	0	0	0	0	0	0	1	0	1455	Chapare mammarenavirus	Pre-glycoprotein polyprotein GP complex	B2C4J0	0.0
Chikungunya_virus_polyprotein_P1234	37124	GO:0039503;GO:0006397;GO:0005525;GO:0004652;GO:0044162;GO:0044157;GO:0016787;GO:0006370;GO:0039502;GO:0005524;GO:0004386;GO:0016887;GO:0003724;GO:0016779;GO:0046872;GO:0008168;GO:0008174;GO:0039523;GO:0006396;GO:0039562;GO:0000166;GO:0016032;GO:0017111;GO:0044161;GO:0039563;GO:0032259;GO:0003824;GO:0080009;GO:0030683;GO:0008152;GO:0003723;GO:0004651;GO:0098507;GO:0008233;GO:0039657;GO:0006508;GO:0039694;GO:0008234;GO:0001172;GO:0003968;GO:0047407;GO:0039690;GO:0035617;GO:0016740;GO:0044176;GO:0020002;GO:0030430;GO:0033644;GO:0051493;GO:0006351;GO:0016020;GO:0042025	37124:0.997	GO:0039503[1.0];GO:0006397[1.0];GO:0005525[1.0];GO:0004652[1.0];GO:0044162[1.0];GO:0044157[1.0];GO:0016787[1.0];GO:0006370[1.0];GO:0039502[1.0];GO:0005524[1.0];GO:0004386[1.0];GO:0016887[1.0];GO:0003724[1.0];GO:0016779[1.0];GO:0046872[1.0];GO:0008168[1.0];GO:0008174[1.0];GO:0039523[1.0];GO:0006396[1.0];GO:0039562[1.0];GO:0000166[1.0];GO:0016032[1.0];GO:0017111[1.0];GO:0044161[1.0];GO:0039563[1.0];GO:0032259[1.0];GO:0003824[1.0];GO:0080009[1.0];GO:0030683[1.0];GO:0008152[1.0];GO:0003723[1.0];GO:0004651[1.0];GO:0098507[1.0];GO:0008233[1.0];GO:0039657[1.0];GO:0006508[1.0];GO:0039694[1.0];GO:0008234[1.0];GO:0001172[1.0];GO:0003968[1.0];GO:0047407[1.0];GO:0039690[1.0];GO:0035617[1.0];GO:0016740[1.0];GO:0044176[1.0];GO:0020002[1.0];GO:0030430[1.0];GO:0033644[1.0];GO:0051493[1.0];GO:0006351[1.0];GO:0016020[1.0];GO:0042025[1.0]	yes	0	0	0	0	0	1	0	0	0	0	0	0	0	1	0	0	0	0	0	0	0	0	0	0	0	0	0	0	0	0	0	0	7425	Chikungunya virus	Polyprotein P1234	Q8JUX6	0.0
Choclo_virus_envelopment_polyprotein	169173	GO:0044178;GO:0055036;GO:0039663;GO:0044165;GO:0039654;GO:0019012;GO:0039503;GO:0046718;GO:0030683;GO:0007165;GO:0044167;GO:0016021;GO:0019062;GO:0039547;GO:0033644;GO:0044177;GO:0016020;GO:0016032	169173:0.998	GO:0044178[1.0];GO:0055036[1.0];GO:0039663[1.0];GO:0044165[1.0];GO:0039654[1.0];GO:0019012[1.0];GO:0039503[1.0];GO:0046718[1.0];GO:0030683[1.0];GO:0007165[1.0];GO:0044167[1.0];GO:0016021[1.0];GO:0019062[1.0];GO:0039547[1.0];GO:0033644[1.0];GO:0044177[1.0];GO:0016020[1.0];GO:0016032[1.0]	yes	0	0	0	0	0	1	0	0	0	0	0	0	0	0	0	0	0	0	0	0	0	0	0	0	0	0	0	0	0	0	1	0	3417	Choclo virus	Envelopment polyprotein	Q83887	0.0
Classical_swine_fever_virus_polyprotein	149596	GO:0039503;GO:0005216;GO:0039707;GO:0016787;GO:0004175;GO:0039548;GO:0016817;GO:0070008;GO:0005524;GO:0055036;GO:0004386;GO:0006811;GO:0044385;GO:0003724;GO:0016779;GO:0000166;GO:0016032;GO:0017111;GO:0039654;GO:0039520;GO:0019012;GO:0034220;GO:0039663;GO:0046718;GO:0004197;GO:0030683;GO:0005737;GO:0003723;GO:0008233;GO:0019082;GO:0008236;GO:0039694;GO:0006508;GO:0008234;GO:0001172;GO:0003968;GO:0051259;GO:0033897;GO:0044228;GO:0090502;GO:0016740;GO:0030430;GO:0016021;GO:0019062;GO:0033644;GO:0016020;GO:0004252	149596:1.0,11096:0.988,358769:0.99	GO:0039503[1.0];GO:0005216[1.0];GO:0039707[1.0];GO:0016787[1.0];GO:0004175[1.0];GO:0039548[1.0];GO:0016817[1.0];GO:0070008[1.0];GO:0005524[1.0];GO:0055036[1.0];GO:0004386[1.0];GO:0006811[1.0];GO:0044385[1.0];GO:0003724[1.0];GO:0016779[1.0];GO:0000166[1.0];GO:0016032[1.0];GO:0017111[1.0];GO:0039654[1.0];GO:0039520[1.0];GO:0019012[1.0];GO:0034220[1.0];GO:0039663[1.0];GO:0046718[1.0];GO:0004197[1.0];GO:0030683[1.0];GO:0005737[1.0];GO:0003723[1.0];GO:0008233[1.0];GO:0019082[1.0];GO:0008236[1.0];GO:0039694[1.0];GO:0006508[1.0];GO:0008234[1.0];GO:0001172[1.0];GO:0003968[1.0];GO:0051259[1.0];GO:0033897[1.0];GO:0044228[1.0];GO:0090502[1.0];GO:0016740[1.0];GO:0030430[1.0];GO:0016021[1.0];GO:0019062[1.0];GO:0033644[1.0];GO:0016020[1.0];GO:0004252[1.0]	yes	0	0	0	0	0	1	0	0	0	0	0	0	0	0	0	0	1	0	1	0	0	0	0	0	0	0	0	0	0	0	1	0	11697	Classical swine fever virus strain Eystrup	Autoprotease p20	Q99BK1	0.0
Crotalus_durissus_terrificus_Crotamine	8732	GO:0035821;GO:0005576;GO:0050832;GO:0042742;GO:0031640;GO:0044564;GO:0090729	8732:1.0	GO:0035821[1.0];GO:0005576[1.0];GO:0050832[1.0];GO:0042742[1.0];GO:0031640[1.0];GO:0044564[1.0];GO:0090729[1.0]	no	1	0	0	0	0	0	0	0	0	0	0	0	0	0	0	0	0	0	0	0	0	0	0	0	0	0	0	0	0	0	0	0	198	Crotalus durissus terrificus	Crotamine	Q9PWF3	2.96e-40
Loxosceles_spinulosa_Dermonecrotic_toxin	571532	GO:0006629;GO:0035821;GO:0005576;GO:0044179;GO:0019835;GO:0008081;GO:0016829;GO:0016042;GO:0046872;GO:0090729	571532:0.811	GO:0006629[1.0];GO:0035821[1.0];GO:0005576[1.0];GO:0044179[1.0];GO:0019835[1.0];GO:0008081[1.0];GO:0016829[1.0];GO:0016042[1.0];GO:0046872[1.0];GO:0090729[1.0]	no	0	1	1	0	0	0	0	0	0	0	0	0	0	0	0	0	0	0	0	0	0	0	0	0	0	0	0	0	0	0	0	0	840	Loxosceles spinulosa	Dermonecrotic toxin LspiSicTox-betaIE3ii (Fragment)	C0JB45	0.0
Mesobuthus_martensii_Alpha-like_toxin	34649	GO:0035821;GO:0005576;GO:0006952;GO:0008200;GO:0019871;GO:0009405;GO:0090729	34649:1.0	GO:0035821[1.0];GO:0005576[1.0];GO:0006952[1.0];GO:0008200[1.0];GO:0019871[1.0];GO:0009405[1.0];GO:0090729[1.0]	no	1	0	0	0	0	0	0	0	0	0	0	0	0	0	0	0	0	0	0	0	0	0	0	0	0	0	0	0	0	0	0	0	255	Mesobuthus martensii	Alpha-like toxin BmK M1	P45697	5.75e-57
Laticauda_colubrina_Short_neurotoxin_D	8628	GO:0035821;GO:0009405;GO:0005576;GO:0090729	8628:1.0	GO:0035821[1.0];GO:0009405[1.0];GO:0005576[1.0];GO:0090729[1.0]	no	1	0	0	0	0	0	0	0	0	0	0	0	0	0	0	0	0	0	0	0	0	0	0	0	0	0	0	0	0	0	0	0	252	Laticauda colubrina	Short neurotoxin II	P10457	3.99e-53
Cerrophidion	44722	GO:0050482;GO:0035821;GO:0005576;GO:0016042;GO:0005509;GO:0004623;GO:0006644;GO:0090729	44722:1.0	GO:0050482[1.0];GO:0035821[1.0];GO:0005576[1.0];GO:0016042[1.0];GO:0005509[1.0];GO:0004623[1.0];GO:0006644[1.0];GO:0090729[1.0]	no	1	0	0	0	0	0	0	0	0	0	0	0	0	0	0	0	0	0	0	0	0	0	0	0	0	0	0	0	0	0	0	0	414	Cerrophidion godmani	Basic phospholipase A2 homolog Pgo-K49	Q8UVU7	5.78e-97
